Rk,Team,G,MP,FG%,Dist.,Unnamed: 6_level_1,% of FGA by Distance_2P,% of FGA by Distance_0-3,% of FGA by Distance_3-10,% of FGA by Distance_10-16,% of FGA by Distance_16-3P,% of FGA by Distance_3P,Unnamed: 13_level_1,FG% by Distance_2P,FG% by Distance_0-3,FG% by Distance_3-10,FG% by Distance_10-16,FG% by Distance_16-3P,FG% by Distance_3P,Unnamed: 20_level_1,% of FG Ast'd_2P,% of FG Ast'd_3P,Unnamed: 23_level_1,Dunks_%FGA,Dunks_Md.,Unnamed: 26_level_1,Corner_%3PA,Corner_3P%,Unnamed: 29_level_1,1/2 Court_Att.,1/2 Court_Md.,year,Layups_%FGA,Layups_Md.,Unnamed: 32_level_1,analytics_score,midrange_share,midrange_fg_pct,tertile
1.0,Atlanta Hawks,82,19730,0.431,11.4,,0.86,0.258,0.19,0.214,0.198,0.14,,0.443,0.612,0.32,0.387,0.403,0.357,,0.507,0.811,,0.037,224,,0.228,0.371,,10.0,1.0,2001,,,,0.398,0.6020000000000001,0.3711162790697674,traditional
2.0,Boston Celtics,82,19830,0.428,12.5,,0.748,0.287,0.161,0.121,0.18,0.252,,0.45,0.571,0.344,0.385,0.393,0.363,,0.532,0.926,,0.019,104,,0.261,0.39,,12.0,0.0,2001,,,,0.5389999999999999,0.462,0.3738290043290043,analytics
3.0,Charlotte Hornets*,82,19880,0.431,12.2,,0.849,0.27,0.134,0.18,0.265,0.151,,0.446,0.595,0.386,0.363,0.381,0.346,,0.65,0.885,,0.038,204,,0.178,0.406,,9.0,1.0,2001,,,,0.42100000000000004,0.579,0.3765613126079448,traditional
4.0,Chicago Bulls,82,19855,0.424,12.0,,0.852,0.275,0.151,0.175,0.251,0.148,,0.438,0.569,0.36,0.39,0.375,0.346,,0.634,0.894,,0.033,176,,0.132,0.36,,5.0,0.0,2001,,,,0.42300000000000004,0.577,0.3756239168110919,mid
5.0,Cleveland Cavaliers,82,19830,0.442,10.9,,0.899,0.28,0.201,0.19,0.228,0.101,,0.455,0.622,0.335,0.41,0.392,0.334,,0.564,0.914,,0.034,197,,0.338,0.359,,22.0,1.0,2001,,,,0.381,0.619,0.379016155088853,traditional
6.0,Dallas Mavericks*,82,19805,0.459,12.3,,0.798,0.257,0.165,0.166,0.21,0.202,,0.479,0.656,0.347,0.413,0.419,0.381,,0.513,0.816,,0.031,192,,0.234,0.355,,14.0,0.0,2001,,,,0.459,0.541,0.39519963031423294,mid
7.0,Denver Nuggets,82,19780,0.433,12.3,,0.79,0.295,0.137,0.138,0.221,0.21,,0.454,0.615,0.357,0.366,0.354,0.355,,0.62,0.861,,0.048,288,,0.295,0.38,,5.0,0.0,2001,,,,0.505,0.496,0.35816733870967743,analytics
8.0,Detroit Pistons,82,19855,0.424,12.2,,0.838,0.295,0.109,0.15,0.284,0.162,,0.439,0.571,0.319,0.35,0.394,0.35,,0.513,0.848,,0.036,226,,0.277,0.377,,5.0,0.0,2001,,,,0.45699999999999996,0.5429999999999999,0.3667900552486188,mid
9.0,Golden State Warriors,82,19780,0.409,11.5,,0.866,0.24,0.226,0.159,0.241,0.134,,0.427,0.653,0.313,0.336,0.371,0.293,,0.588,0.809,,0.024,149,,0.197,0.337,,8.0,1.0,2001,,,,0.374,0.626,0.34117092651757186,traditional
10.0,Houston Rockets,82,19830,0.453,12.2,,0.783,0.306,0.141,0.133,0.204,0.217,,0.48,0.636,0.356,0.398,0.385,0.357,,0.498,0.792,,0.04,233,,0.254,0.391,,15.0,2.0,2001,,,,0.523,0.478,0.38006276150627616,analytics
11.0,Indiana Pacers*,82,19980,0.44,12.6,,0.82,0.221,0.201,0.157,0.241,0.18,,0.461,0.621,0.374,0.423,0.412,0.342,,0.58,0.889,,0.037,222,,0.329,0.367,,7.0,0.0,2001,,,,0.401,0.599,0.40213188647746245,traditional
12.0,Los Angeles Clippers,82,20030,0.448,11.3,,0.836,0.273,0.226,0.152,0.184,0.164,,0.469,0.637,0.41,0.353,0.391,0.339,,0.505,0.847,,0.043,242,,0.155,0.364,,4.0,0.0,2001,,,,0.43700000000000006,0.562,0.3883629893238434,mid
13.0,Los Angeles Lakers*,82,19905,0.465,11.9,,0.809,0.285,0.186,0.137,0.201,0.191,,0.494,0.671,0.382,0.402,0.407,0.344,,0.565,0.866,,0.055,350,,0.17,0.378,,12.0,0.0,2001,,,,0.476,0.524,0.3968187022900764,analytics
14.0,Miami Heat*,82,19880,0.43,13.0,,0.779,0.25,0.149,0.146,0.233,0.221,,0.455,0.582,0.376,0.389,0.409,0.345,,0.56,0.812,,0.029,152,,0.21,0.379,,14.0,0.0,2001,,,,0.471,0.528,0.3941571969696969,analytics
15.0,Milwaukee Bucks*,82,19780,0.458,13.2,,0.782,0.224,0.121,0.258,0.179,0.218,,0.48,0.596,0.413,0.454,0.415,0.379,,0.529,0.879,,0.033,200,,0.274,0.411,,15.0,3.0,2001,,,,0.442,0.558,0.43259856630824367,mid
16.0,Minnesota Timberwolves*,82,19830,0.458,12.5,,0.869,0.236,0.164,0.155,0.315,0.131,,0.473,0.628,0.387,0.403,0.438,0.357,,0.637,0.882,,0.028,177,,0.262,0.398,,9.0,0.0,2001,,,,0.367,0.634,0.4162507886435331,traditional
17.0,New Jersey Nets,82,19730,0.425,11.6,,0.835,0.322,0.137,0.132,0.243,0.165,,0.443,0.579,0.366,0.315,0.374,0.333,,0.543,0.798,,0.039,219,,0.199,0.333,,11.0,1.0,2001,,,,0.487,0.512,0.35664843749999997,analytics
18.0,New York Knicks*,82,19905,0.444,11.9,,0.82,0.27,0.163,0.184,0.203,0.18,,0.465,0.594,0.395,0.388,0.42,0.351,,0.506,0.826,,0.022,117,,0.227,0.415,,9.0,0.0,2001,,,,0.45,0.55,0.40188545454545455,mid
19.0,Orlando Magic*,82,19955,0.438,12.6,,0.804,0.29,0.117,0.137,0.26,0.196,,0.456,0.584,0.368,0.361,0.404,0.364,,0.548,0.859,,0.033,210,,0.159,0.388,,14.0,0.0,2001,,,,0.486,0.514,0.3843443579766537,analytics
20.0,Philadelphia 76ers*,82,19855,0.447,10.8,,0.876,0.276,0.206,0.211,0.184,0.124,,0.464,0.71,0.289,0.358,0.414,0.326,,0.554,0.878,,0.027,163,,0.234,0.388,,8.0,0.0,2001,,,,0.4,0.601,0.3514941763727121,traditional
21.0,Phoenix Suns*,82,19805,0.436,11.9,,0.844,0.262,0.172,0.164,0.246,0.156,,0.458,0.61,0.352,0.387,0.418,0.315,,0.615,0.898,,0.039,229,,0.284,0.311,,13.0,0.0,2001,,,,0.41800000000000004,0.582,0.3897594501718213,traditional
22.0,Portland Trail Blazers*,82,19780,0.468,11.9,,0.835,0.299,0.153,0.129,0.254,0.165,,0.492,0.635,0.391,0.409,0.425,0.349,,0.629,0.829,,0.049,293,,0.218,0.343,,8.0,0.0,2001,,,,0.46399999999999997,0.536,0.41144402985074624,mid
23.0,Sacramento Kings*,82,20080,0.449,11.8,,0.806,0.295,0.185,0.097,0.23,0.194,,0.472,0.644,0.363,0.384,0.377,0.354,,0.554,0.797,,0.035,224,,0.25,0.364,,20.0,2.0,2001,,,,0.489,0.512,0.373267578125,analytics
24.0,San Antonio Spurs*,82,19830,0.461,11.9,,0.825,0.26,0.183,0.178,0.205,0.175,,0.472,0.652,0.359,0.4,0.406,0.407,,0.569,0.876,,0.053,304,,0.345,0.485,,12.0,1.0,2001,,,,0.435,0.566,0.3889169611307421,mid
25.0,Seattle SuperSonics,82,19805,0.456,10.7,,0.824,0.305,0.226,0.129,0.164,0.176,,0.468,0.643,0.356,0.363,0.377,0.399,,0.538,0.886,,0.036,223,,0.237,0.401,,9.0,0.0,2001,,,,0.481,0.519,0.3643757225433526,analytics
26.0,Toronto Raptors*,82,19955,0.437,12.8,,0.833,0.264,0.124,0.145,0.3,0.167,,0.451,0.602,0.35,0.373,0.397,0.369,,0.63,0.828,,0.032,202,,0.223,0.396,,15.0,0.0,2001,,,,0.43100000000000005,0.569,0.38064147627416517,mid
27.0,Utah Jazz*,82,19780,0.471,10.9,,0.865,0.348,0.134,0.124,0.259,0.135,,0.485,0.625,0.369,0.382,0.404,0.381,,0.693,0.874,,0.037,206,,0.271,0.446,,7.0,0.0,2001,,,,0.483,0.517,0.389651837524178,analytics
28.0,Vancouver Grizzlies,82,19780,0.439,12.9,,0.855,0.217,0.184,0.13,0.323,0.145,,0.455,0.63,0.359,0.375,0.424,0.343,,0.635,0.874,,0.039,231,,0.267,0.316,,3.0,0.0,2001,,,,0.362,0.637,0.39522448979591834,traditional
29.0,Washington Wizards,82,19680,0.439,11.3,,0.869,0.249,0.219,0.199,0.202,0.131,,0.456,0.625,0.356,0.397,0.415,0.324,,0.563,0.753,,0.03,177,,0.216,0.361,,3.0,0.0,2001,,,,0.38,0.6200000000000001,0.38838225806451604,traditional
,League Average,82,19840,0.443,12.0,,0.83,0.273,0.168,0.158,0.232,0.17,,0.461,0.619,0.359,0.385,0.4,0.354,,0.572,0.852,,0.036,212,,0.239,0.381,,10.3,0.4,2001,,,,0.44300000000000006,0.558,0.3834086021505376,mid
1.0,Atlanta Hawks,82,19780,0.439,11.1,,0.819,0.328,0.153,0.146,0.193,0.181,,0.458,0.583,0.349,0.363,0.4,0.354,,0.525,0.839,,0.054,313,,0.255,0.354,,5.0,0.0,2002,0.245,851.0,,0.509,0.492,0.37316056910569106,analytics
2.0,Boston Celtics*,82,19830,0.424,13.3,,0.711,0.293,0.124,0.111,0.182,0.289,,0.45,0.581,0.324,0.351,0.385,0.359,,0.512,0.886,,0.032,204,,0.213,0.33,,15.0,2.0,2002,0.255,892.0,,0.582,0.417,0.35781055155875297,analytics
3.0,Charlotte Hornets*,82,19755,0.44,11.6,,0.849,0.308,0.131,0.162,0.248,0.151,,0.456,0.577,0.402,0.363,0.395,0.348,,0.58,0.812,,0.049,292,,0.153,0.408,,8.0,0.0,2002,0.234,802.0,,0.45899999999999996,0.541,0.38711275415896484,mid
4.0,Chicago Bulls,82,19805,0.433,12.0,,0.866,0.295,0.111,0.161,0.299,0.134,,0.447,0.562,0.343,0.405,0.393,0.346,,0.617,0.89,,0.05,293,,0.189,0.305,,7.0,0.0,2002,0.229,733.0,,0.429,0.571,0.3866637478108582,traditional
5.0,Cleveland Cavaliers,82,19855,0.448,12.4,,0.844,0.255,0.141,0.206,0.242,0.156,,0.461,0.58,0.391,0.425,0.407,0.377,,0.601,0.91,,0.046,266,,0.238,0.43,,20.0,1.0,2002,0.183,620.0,,0.41100000000000003,0.589,0.40946519524617997,traditional
6.0,Dallas Mavericks*,82,19880,0.462,12.8,,0.763,0.281,0.121,0.146,0.214,0.237,,0.488,0.607,0.404,0.411,0.431,0.378,,0.51,0.799,,0.037,232,,0.16,0.436,,9.0,0.0,2002,0.228,872.0,,0.518,0.481,0.4181372141372141,analytics
7.0,Denver Nuggets,82,19805,0.424,12.0,,0.813,0.3,0.147,0.121,0.245,0.187,,0.446,0.583,0.36,0.397,0.355,0.329,,0.586,0.842,,0.038,228,,0.306,0.344,,17.0,0.0,2002,0.229,871.0,,0.487,0.513,0.3663391812865497,mid
8.0,Detroit Pistons*,82,19680,0.452,12.7,,0.76,0.283,0.124,0.146,0.207,0.24,,0.475,0.613,0.42,0.356,0.404,0.376,,0.555,0.884,,0.048,270,,0.306,0.398,,6.0,1.0,2002,0.214,757.0,,0.5229999999999999,0.477,0.39346750524109014,analytics
9.0,Golden State Warriors,82,19780,0.429,10.6,,0.858,0.297,0.235,0.111,0.215,0.142,,0.447,0.64,0.326,0.372,0.351,0.322,,0.532,0.881,,0.04,254,,0.193,0.359,,15.0,1.0,2002,0.227,975.0,,0.43899999999999995,0.5609999999999999,0.34468270944741536,traditional
10.0,Houston Rockets,82,19980,0.428,13.0,,0.777,0.295,0.108,0.103,0.271,0.223,,0.455,0.587,0.348,0.355,0.391,0.335,,0.457,0.829,,0.052,298,,0.241,0.35,,15.0,0.0,2002,0.218,760.0,,0.518,0.482,0.37367219917012445,analytics
11.0,Indiana Pacers*,82,19905,0.446,12.4,,0.818,0.236,0.193,0.168,0.222,0.182,,0.47,0.639,0.408,0.389,0.405,0.339,,0.601,0.896,,0.052,311,,0.288,0.384,,11.0,0.0,2002,0.178,655.0,,0.418,0.583,0.4013825042881647,traditional
12.0,Los Angeles Clippers,82,19805,0.445,11.3,,0.828,0.261,0.23,0.184,0.153,0.172,,0.464,0.632,0.404,0.38,0.369,0.356,,0.523,0.919,,0.056,342,,0.113,0.408,,9.0,0.0,2002,0.183,673.0,,0.433,0.5670000000000001,0.38676719576719576,traditional
13.0,Los Angeles Lakers*,82,19780,0.461,12.3,,0.79,0.28,0.167,0.137,0.206,0.21,,0.489,0.657,0.414,0.403,0.379,0.354,,0.539,0.902,,0.078,489,,0.257,0.419,,15.0,1.0,2002,0.178,692.0,,0.49,0.51,0.3969078431372549,mid
14.0,Memphis Grizzlies,82,19780,0.436,11.6,,0.832,0.288,0.176,0.135,0.233,0.168,,0.462,0.622,0.362,0.37,0.394,0.307,,0.613,0.723,,0.075,445,,0.215,0.352,,11.0,0.0,2002,0.188,640.0,,0.45599999999999996,0.544,0.3776911764705882,mid
15.0,Miami Heat,82,19930,0.439,12.9,,0.859,0.238,0.134,0.164,0.323,0.141,,0.454,0.638,0.389,0.37,0.388,0.347,,0.556,0.894,,0.047,267,,0.305,0.416,,19.0,1.0,2002,0.174,642.0,,0.379,0.621,0.38346215780998394,traditional
16.0,Milwaukee Bucks,82,19905,0.462,13.1,,0.759,0.237,0.126,0.236,0.16,0.241,,0.49,0.571,0.466,0.466,0.425,0.375,,0.55,0.841,,0.036,215,,0.268,0.399,,18.0,0.0,2002,0.179,635.0,,0.478,0.522,0.45343295019157087,mid
17.0,Minnesota Timberwolves*,82,19805,0.461,12.4,,0.848,0.236,0.175,0.151,0.286,0.152,,0.476,0.629,0.42,0.426,0.409,0.378,,0.604,0.793,,0.037,235,,0.211,0.398,,9.0,0.0,2002,0.172,669.0,,0.388,0.6119999999999999,0.41633986928104577,traditional
18.0,New Jersey Nets*,82,19830,0.446,11.6,,0.825,0.327,0.135,0.133,0.23,0.175,,0.469,0.61,0.382,0.361,0.383,0.338,,0.62,0.876,,0.077,463,,0.193,0.364,,18.0,0.0,2002,0.217,800.0,,0.502,0.498,0.3768534136546185,analytics
19.0,New York Knicks,82,19805,0.432,12.5,,0.794,0.246,0.159,0.19,0.198,0.206,,0.453,0.556,0.419,0.403,0.399,0.353,,0.566,0.829,,0.021,124,,0.271,0.354,,5.0,1.0,2002,0.202,704.0,,0.45199999999999996,0.5469999999999999,0.40620292504570393,mid
20.0,Orlando Magic*,82,19830,0.448,12.9,,0.759,0.294,0.113,0.109,0.242,0.241,,0.471,0.61,0.377,0.369,0.394,0.373,,0.519,0.845,,0.046,275,,0.192,0.417,,7.0,0.0,2002,0.215,829.0,,0.5349999999999999,0.46399999999999997,0.38398706896551726,analytics
21.0,Philadelphia 76ers*,82,19730,0.436,10.8,,0.889,0.304,0.149,0.217,0.218,0.111,,0.453,0.592,0.395,0.345,0.405,0.299,,0.558,0.897,,0.024,141,,0.238,0.406,,3.0,0.0,2002,0.252,915.0,,0.415,0.584,0.3801541095890411,traditional
22.0,Phoenix Suns,82,19830,0.447,11.1,,0.842,0.33,0.142,0.162,0.208,0.158,,0.469,0.588,0.388,0.387,0.4,0.327,,0.567,0.796,,0.045,286,,0.219,0.313,,7.0,0.0,2002,0.257,959.0,,0.488,0.512,0.39255859375,mid
23.0,Portland Trail Blazers*,82,19830,0.45,12.4,,0.802,0.307,0.123,0.117,0.255,0.198,,0.474,0.612,0.361,0.397,0.397,0.354,,0.602,0.856,,0.068,425,,0.208,0.394,,11.0,0.0,2002,0.213,752.0,,0.505,0.495,0.3880545454545455,analytics
24.0,Sacramento Kings*,82,19755,0.467,11.7,,0.834,0.317,0.135,0.104,0.278,0.166,,0.486,0.626,0.383,0.402,0.409,0.367,,0.56,0.866,,0.049,318,,0.317,0.399,,8.0,0.0,2002,0.235,971.0,,0.483,0.517,0.4008027079303675,mid
25.0,San Antonio Spurs*,82,19855,0.458,11.2,,0.81,0.314,0.166,0.177,0.153,0.19,,0.48,0.643,0.407,0.369,0.356,0.362,,0.507,0.886,,0.061,358,,0.364,0.44,,8.0,0.0,2002,0.241,870.0,,0.504,0.496,0.37770766129032257,analytics
26.0,Seattle SuperSonics*,82,19830,0.469,11.8,,0.807,0.28,0.19,0.121,0.216,0.193,,0.49,0.636,0.387,0.393,0.446,0.378,,0.56,0.912,,0.047,277,,0.261,0.374,,8.0,0.0,2002,0.209,841.0,,0.47300000000000003,0.527,0.41255977229601515,mid
27.0,Toronto Raptors*,82,19755,0.434,12.2,,0.835,0.284,0.121,0.192,0.238,0.165,,0.451,0.578,0.395,0.377,0.387,0.349,,0.571,0.858,,0.045,275,,0.214,0.418,,18.0,0.0,2002,0.203,703.0,,0.44899999999999995,0.5509999999999999,0.3852722323049002,traditional
28.0,Utah Jazz*,82,19830,0.45,10.7,,0.868,0.38,0.102,0.124,0.261,0.132,,0.468,0.584,0.3,0.369,0.411,0.333,,0.678,0.871,,0.048,280,,0.215,0.343,,7.0,0.0,2002,0.306,1049.0,,0.512,0.487,0.37705749486652973,analytics
29.0,Washington Wizards,82,19730,0.441,12.5,,0.882,0.214,0.159,0.222,0.287,0.118,,0.448,0.631,0.324,0.394,0.422,0.388,,0.561,0.784,,0.041,267,,0.168,0.439,,3.0,0.0,2002,0.158,580.0,,0.33199999999999996,0.6679999999999999,0.3893682634730539,traditional
,League Average,82,19816,0.445,12.0,,0.819,0.287,0.148,0.153,0.23,0.181,,0.465,0.605,0.382,0.388,0.397,0.354,,0.564,0.856,,0.048,291,,0.235,0.384,,10.8,0.3,2002,0.214,783.0,,0.46799999999999997,0.531,0.39022598870056496,mid
1.0,Atlanta Hawks,82,19905,0.444,11.9,,0.823,0.269,0.158,0.181,0.214,0.177,,0.464,0.584,0.381,0.423,0.41,0.352,,0.543,0.856,,0.048,297,,0.276,0.397,,9.0,0.0,2003,0.202,647.0,,0.446,0.5529999999999999,0.4059692585895118,traditional
2.0,Boston Celtics*,82,19830,0.415,13.8,,0.669,0.268,0.14,0.109,0.152,0.331,,0.455,0.618,0.319,0.346,0.371,0.334,,0.496,0.823,,0.034,204,,0.23,0.343,,17.0,1.0,2003,0.225,821.0,,0.599,0.401,0.34604987531172066,analytics
3.0,Chicago Bulls,82,19930,0.445,10.9,,0.852,0.324,0.169,0.148,0.211,0.148,,0.462,0.59,0.405,0.366,0.38,0.35,,0.562,0.848,,0.059,370,,0.26,0.363,,7.0,0.0,2003,0.243,829.0,,0.472,0.528,0.3840776515151515,mid
4.0,Cleveland Cavaliers,82,19830,0.422,11.1,,0.867,0.303,0.159,0.188,0.216,0.133,,0.437,0.596,0.331,0.361,0.359,0.327,,0.572,0.853,,0.064,381,,0.335,0.373,,21.0,0.0,2003,0.2,700.0,,0.436,0.563,0.3517602131438721,traditional
5.0,Dallas Mavericks*,82,19780,0.453,13.2,,0.761,0.253,0.131,0.136,0.241,0.239,,0.475,0.622,0.416,0.408,0.391,0.381,,0.515,0.843,,0.032,211,,0.242,0.372,,11.0,0.0,2003,0.206,808.0,,0.492,0.508,0.40199803149606295,mid
6.0,Denver Nuggets,82,19730,0.411,11.2,,0.874,0.297,0.171,0.135,0.272,0.126,,0.43,0.567,0.341,0.38,0.361,0.278,,0.629,0.825,,0.068,390,,0.242,0.251,,8.0,0.0,2003,0.199,644.0,,0.423,0.5780000000000001,0.3595207612456747,traditional
7.0,Detroit Pistons*,82,19905,0.43,13.1,,0.763,0.264,0.135,0.145,0.219,0.237,,0.452,0.568,0.42,0.364,0.393,0.358,,0.553,0.792,,0.032,179,,0.241,0.362,,10.0,1.0,2003,0.212,700.0,,0.501,0.499,0.39187775551102205,analytics
8.0,Golden State Warriors,82,19755,0.441,11.6,,0.822,0.271,0.207,0.123,0.222,0.178,,0.462,0.638,0.361,0.405,0.373,0.344,,0.517,0.819,,0.046,300,,0.217,0.336,,11.0,0.0,2003,0.191,794.0,,0.449,0.5519999999999999,0.3756304347826087,mid
9.0,Houston Rockets,82,19930,0.44,12.1,,0.804,0.305,0.145,0.126,0.229,0.196,,0.462,0.605,0.38,0.366,0.376,0.346,,0.466,0.879,,0.065,381,,0.24,0.342,,20.0,1.0,2003,0.223,754.0,,0.501,0.5,0.37464,analytics
10.0,Indiana Pacers*,82,19905,0.441,12.0,,0.831,0.278,0.163,0.163,0.226,0.169,,0.461,0.632,0.357,0.369,0.392,0.339,,0.623,0.876,,0.043,270,,0.222,0.31,,5.0,0.0,2003,0.222,828.0,,0.44700000000000006,0.552,0.3748731884057971,mid
11.0,Los Angeles Clippers,82,19755,0.437,11.1,,0.818,0.317,0.194,0.137,0.17,0.182,,0.46,0.591,0.404,0.334,0.382,0.331,,0.518,0.869,,0.05,300,,0.152,0.341,,19.0,0.0,2003,0.244,845.0,,0.499,0.501,0.3773932135728543,analytics
12.0,Los Angeles Lakers*,82,19930,0.451,12.3,,0.801,0.283,0.159,0.134,0.225,0.199,,0.475,0.641,0.385,0.352,0.402,0.356,,0.571,0.864,,0.077,489,,0.243,0.346,,11.0,0.0,2003,0.185,678.0,,0.482,0.518,0.3838474903474903,mid
13.0,Memphis Grizzlies,82,19930,0.452,11.9,,0.81,0.287,0.173,0.132,0.218,0.19,,0.473,0.614,0.404,0.377,0.399,0.365,,0.584,0.822,,0.061,371,,0.258,0.421,,13.0,0.0,2003,0.204,728.0,,0.477,0.523,0.3951013384321223,mid
14.0,Miami Heat,82,19830,0.412,12.9,,0.831,0.251,0.127,0.154,0.299,0.169,,0.432,0.561,0.391,0.362,0.378,0.316,,0.519,0.825,,0.034,183,,0.278,0.359,,20.0,0.0,2003,0.202,681.0,,0.42000000000000004,0.5800000000000001,0.3765982758620689,traditional
15.0,Milwaukee Bucks*,82,19905,0.457,12.6,,0.771,0.267,0.136,0.191,0.177,0.229,,0.478,0.599,0.406,0.431,0.403,0.383,,0.527,0.899,,0.029,171,,0.259,0.352,,13.0,0.0,2003,0.218,819.0,,0.496,0.504,0.41442063492063497,analytics
16.0,Minnesota Timberwolves*,82,19805,0.466,12.3,,0.882,0.249,0.15,0.156,0.327,0.118,,0.479,0.622,0.435,0.42,0.418,0.368,,0.632,0.851,,0.043,278,,0.239,0.37,,7.0,1.0,2003,0.187,704.0,,0.367,0.633,0.4225213270142181,traditional
17.0,New Jersey Nets*,82,19755,0.441,11.3,,0.842,0.34,0.133,0.112,0.258,0.158,,0.462,0.603,0.371,0.362,0.366,0.332,,0.617,0.89,,0.069,406,,0.19,0.389,,11.0,0.0,2003,0.24,843.0,,0.498,0.503,0.3664314115308151,analytics
18.0,New Orleans Hornets*,82,19905,0.435,12.0,,0.839,0.278,0.132,0.187,0.241,0.161,,0.447,0.563,0.392,0.402,0.377,0.376,,0.582,0.854,,0.043,259,,0.251,0.43,,6.0,0.0,2003,0.215,703.0,,0.43900000000000006,0.56,0.3888839285714285,traditional
19.0,New York Knicks,82,19855,0.441,13.5,,0.765,0.21,0.145,0.188,0.222,0.235,,0.459,0.554,0.437,0.436,0.403,0.383,,0.555,0.807,,0.017,102,,0.263,0.425,,12.0,0.0,2003,0.174,607.0,,0.44499999999999995,0.5549999999999999,0.42306126126126126,traditional
20.0,Orlando Magic*,82,19805,0.436,13.5,,0.765,0.292,0.08,0.098,0.295,0.235,,0.46,0.557,0.381,0.388,0.408,0.357,,0.515,0.792,,0.035,218,,0.188,0.341,,9.0,0.0,2003,0.232,789.0,,0.5269999999999999,0.473,0.39928964059196614,analytics
21.0,Philadelphia 76ers*,82,19855,0.448,10.1,,0.881,0.367,0.144,0.169,0.202,0.119,,0.466,0.58,0.407,0.352,0.398,0.311,,0.567,0.91,,0.032,199,,0.283,0.345,,6.0,1.0,2003,0.311,1092.0,,0.486,0.515,0.38542135922330095,mid
22.0,Phoenix Suns*,82,19805,0.443,11.2,,0.83,0.323,0.148,0.147,0.213,0.17,,0.464,0.575,0.395,0.386,0.398,0.343,,0.53,0.85,,0.055,339,,0.361,0.398,,14.0,0.0,2003,0.251,862.0,,0.493,0.508,0.3936535433070866,analytics
23.0,Portland Trail Blazers*,82,19855,0.46,11.4,,0.823,0.317,0.159,0.132,0.215,0.177,,0.488,0.635,0.407,0.42,0.374,0.33,,0.585,0.881,,0.059,350,,0.235,0.356,,22.0,0.0,2003,0.237,884.0,,0.494,0.506,0.3963695652173913,analytics
24.0,Sacramento Kings*,82,19830,0.464,12.5,,0.816,0.282,0.142,0.099,0.293,0.184,,0.482,0.652,0.38,0.375,0.405,0.381,,0.583,0.874,,0.048,308,,0.362,0.431,,25.0,0.0,2003,0.208,891.0,,0.46599999999999997,0.534,0.39279026217228463,mid
25.0,San Antonio Spurs*,82,19830,0.462,11.2,,0.798,0.313,0.189,0.133,0.163,0.202,,0.489,0.634,0.423,0.388,0.371,0.354,,0.499,0.909,,0.058,322,,0.4,0.376,,10.0,0.0,2003,0.249,900.0,,0.515,0.485,0.3959257731958763,analytics
26.0,Seattle SuperSonics,82,19855,0.437,12.6,,0.804,0.247,0.177,0.129,0.25,0.196,,0.458,0.633,0.366,0.426,0.366,0.353,,0.56,0.906,,0.037,221,,0.268,0.344,,10.0,0.0,2003,0.197,763.0,,0.443,0.556,0.37992086330935243,traditional
27.0,Toronto Raptors,82,19805,0.427,12.4,,0.821,0.278,0.135,0.144,0.263,0.179,,0.446,0.586,0.366,0.381,0.374,0.343,,0.51,0.829,,0.042,259,,0.272,0.389,,10.0,0.0,2003,0.189,643.0,,0.457,0.542,0.3738671586715867,mid
28.0,Utah Jazz*,82,19780,0.468,11.1,,0.896,0.337,0.111,0.139,0.31,0.104,,0.481,0.634,0.338,0.392,0.406,0.349,,0.713,0.884,,0.039,231,,0.2,0.391,,10.0,1.0,2003,0.273,1001.0,,0.441,0.56,0.3890464285714285,traditional
29.0,Washington Wizards,82,19830,0.44,12.7,,0.873,0.231,0.13,0.203,0.309,0.127,,0.459,0.623,0.313,0.423,0.422,0.312,,0.541,0.893,,0.043,265,,0.276,0.335,,2.0,0.0,2003,0.176,621.0,,0.358,0.642,0.40024454828660433,traditional
,League Average,82,19841,0.442,12.1,,0.818,0.286,0.15,0.146,0.236,0.182,,0.463,0.603,0.384,0.388,0.389,0.349,,0.56,0.852,,0.047,285,,0.257,0.369,,12.0,0.2,2003,0.218,779.0,,0.46799999999999997,0.532,0.38731578947368417,mid
1.0,Atlanta Hawks,82,19905,0.433,11.7,,0.809,0.303,0.148,0.153,0.205,0.191,,0.456,0.577,0.371,0.363,0.409,0.335,,0.537,0.845,,0.045,289,,0.292,0.37,,2.0,0.0,2004,0.232,767.0,,0.494,0.506,0.3839762845849802,mid
2.0,Boston Celtics*,82,19705,0.443,13.0,,0.751,0.285,0.126,0.118,0.222,0.249,,0.475,0.608,0.35,0.394,0.42,0.346,,0.524,0.875,,0.048,284,,0.259,0.394,,10.0,0.0,2004,0.227,764.0,,0.534,0.46599999999999997,0.39448927038626613,analytics
3.0,Chicago Bulls,82,19830,0.414,12.4,,0.814,0.283,0.13,0.142,0.259,0.186,,0.431,0.537,0.385,0.349,0.383,0.342,,0.614,0.79,,0.045,283,,0.214,0.349,,10.0,1.0,2004,0.217,665.0,,0.469,0.531,0.37439736346516006,traditional
4.0,Cleveland Cavaliers,82,19855,0.433,10.6,,0.884,0.318,0.173,0.196,0.197,0.116,,0.448,0.586,0.355,0.387,0.368,0.314,,0.595,0.879,,0.051,322,,0.29,0.338,,13.0,0.0,2004,0.22,768.0,,0.434,0.5660000000000001,0.37060600706713775,traditional
5.0,Dallas Mavericks*,82,19805,0.459,12.1,,0.799,0.29,0.159,0.129,0.219,0.201,,0.488,0.619,0.414,0.428,0.402,0.348,,0.548,0.828,,0.024,163,,0.168,0.373,,18.0,0.0,2004,0.243,1021.0,,0.491,0.507,0.412378698224852,mid
6.0,Denver Nuggets*,82,19730,0.443,11.3,,0.854,0.345,0.111,0.127,0.272,0.146,,0.461,0.597,0.365,0.377,0.365,0.336,,0.574,0.801,,0.07,425,,0.192,0.381,,10.0,0.0,2004,0.242,868.0,,0.491,0.51,0.36798823529411767,mid
7.0,Detroit Pistons*,82,19780,0.435,10.7,,0.847,0.34,0.153,0.175,0.179,0.153,,0.452,0.566,0.356,0.393,0.374,0.344,,0.592,0.817,,0.053,299,,0.257,0.394,,7.0,0.0,2004,0.259,822.0,,0.493,0.5069999999999999,0.37512623274161744,mid
8.0,Golden State Warriors,82,19855,0.442,11.9,,0.803,0.272,0.196,0.117,0.218,0.197,,0.468,0.654,0.358,0.346,0.399,0.334,,0.526,0.918,,0.045,270,,0.254,0.356,,17.0,1.0,2004,0.202,794.0,,0.46900000000000003,0.531,0.37218832391713746,traditional
9.0,Houston Rockets*,82,19930,0.442,12.7,,0.773,0.268,0.153,0.141,0.211,0.227,,0.464,0.596,0.383,0.402,0.398,0.366,,0.512,0.854,,0.054,289,,0.315,0.384,,16.0,0.0,2004,0.203,658.0,,0.495,0.505,0.39457227722772276,analytics
10.0,Indiana Pacers*,82,19805,0.435,12.1,,0.797,0.288,0.156,0.157,0.196,0.203,,0.457,0.589,0.366,0.368,0.407,0.351,,0.6,0.871,,0.052,301,,0.33,0.383,,8.0,0.0,2004,0.215,668.0,,0.491,0.509,0.38240471512770136,mid
11.0,Los Angeles Clippers,82,19805,0.428,11.0,,0.844,0.341,0.155,0.13,0.218,0.156,,0.448,0.574,0.398,0.341,0.351,0.321,,0.55,0.866,,0.046,283,,0.135,0.312,,11.0,0.0,2004,0.263,879.0,,0.497,0.503,0.36289860834990056,analytics
12.0,Los Angeles Lakers*,82,19855,0.454,11.5,,0.833,0.326,0.143,0.126,0.238,0.167,,0.479,0.632,0.392,0.369,0.379,0.327,,0.608,0.901,,0.054,333,,0.239,0.322,,16.0,1.0,2004,0.25,959.0,,0.493,0.507,0.3801814595660749,mid
13.0,Memphis Grizzlies*,82,19880,0.445,11.1,,0.803,0.342,0.17,0.101,0.19,0.197,,0.471,0.596,0.393,0.346,0.381,0.34,,0.609,0.857,,0.065,384,,0.277,0.33,,20.0,2.0,2004,0.252,899.0,,0.539,0.461,0.3777570498915402,analytics
14.0,Miami Heat*,82,19755,0.425,12.3,,0.789,0.297,0.143,0.117,0.231,0.211,,0.443,0.562,0.394,0.323,0.382,0.357,,0.505,0.889,,0.038,211,,0.228,0.427,,19.0,0.0,2004,0.232,758.0,,0.508,0.491,0.3714358452138493,analytics
15.0,Milwaukee Bucks*,82,19780,0.447,11.2,,0.828,0.32,0.152,0.176,0.179,0.172,,0.467,0.578,0.424,0.384,0.385,0.35,,0.588,0.903,,0.054,325,,0.261,0.328,,9.0,0.0,2004,0.245,835.0,,0.492,0.5069999999999999,0.39634516765286004,mid
16.0,Minnesota Timberwolves*,82,19755,0.462,13.0,,0.863,0.206,0.147,0.21,0.301,0.137,,0.477,0.62,0.44,0.431,0.429,0.363,,0.591,0.89,,0.03,191,,0.259,0.397,,13.0,0.0,2004,0.153,564.0,,0.34299999999999997,0.6579999999999999,0.4320957446808511,traditional
17.0,New Jersey Nets*,82,19705,0.441,11.9,,0.824,0.332,0.111,0.113,0.268,0.176,,0.464,0.609,0.342,0.357,0.381,0.336,,0.687,0.889,,0.067,394,,0.185,0.409,,16.0,2.0,2004,0.23,785.0,,0.508,0.492,0.3666890243902439,analytics
18.0,New Orleans Hornets*,82,19830,0.42,12.8,,0.748,0.294,0.115,0.131,0.209,0.252,,0.454,0.568,0.363,0.377,0.391,0.319,,0.591,0.738,,0.044,263,,0.232,0.331,,12.0,1.0,2004,0.229,770.0,,0.546,0.45499999999999996,0.3798923076923077,analytics
19.0,New York Knicks*,82,19880,0.442,12.2,,0.829,0.259,0.156,0.177,0.237,0.171,,0.459,0.568,0.419,0.418,0.395,0.364,,0.548,0.835,,0.022,134,,0.271,0.384,,12.0,0.0,2004,0.213,725.0,,0.43000000000000005,0.57,0.40871052631578947,traditional
20.0,Orlando Magic,82,19830,0.429,12.8,,0.816,0.26,0.138,0.145,0.273,0.184,,0.448,0.551,0.402,0.395,0.403,0.344,,0.504,0.786,,0.036,219,,0.19,0.376,,4.0,0.0,2004,0.197,657.0,,0.444,0.556,0.4006654676258993,traditional
21.0,Philadelphia 76ers,82,19855,0.428,11.3,,0.842,0.319,0.132,0.174,0.216,0.158,,0.445,0.562,0.37,0.36,0.385,0.342,,0.567,0.92,,0.043,239,,0.316,0.383,,7.0,0.0,2004,0.252,769.0,,0.477,0.522,0.37287356321839077,traditional
22.0,Phoenix Suns,82,19730,0.443,11.4,,0.82,0.327,0.137,0.146,0.21,0.18,,0.465,0.587,0.441,0.35,0.371,0.345,,0.482,0.87,,0.057,343,,0.337,0.407,,14.0,0.0,2004,0.247,860.0,,0.507,0.493,0.38423326572008115,analytics
23.0,Portland Trail Blazers,82,19980,0.448,11.5,,0.83,0.3,0.171,0.141,0.218,0.17,,0.469,0.597,0.41,0.415,0.375,0.346,,0.571,0.866,,0.055,339,,0.188,0.362,,10.0,0.0,2004,0.219,722.0,,0.47,0.53,0.3969339622641509,traditional
24.0,Sacramento Kings*,82,19780,0.462,13.0,,0.777,0.277,0.128,0.089,0.284,0.223,,0.48,0.636,0.34,0.383,0.421,0.401,,0.653,0.862,,0.035,220,,0.307,0.422,,12.0,0.0,2004,0.226,908.0,,0.5,0.501,0.39355489021956086,analytics
25.0,San Antonio Spurs*,82,19755,0.442,11.6,,0.823,0.282,0.197,0.144,0.2,0.177,,0.46,0.623,0.373,0.383,0.371,0.358,,0.543,0.868,,0.039,228,,0.363,0.394,,12.0,0.0,2004,0.234,856.0,,0.45899999999999996,0.5409999999999999,0.37492236598890943,traditional
26.0,Seattle SuperSonics,82,19805,0.446,13.5,,0.706,0.245,0.158,0.121,0.182,0.294,,0.476,0.655,0.377,0.389,0.38,0.373,,0.519,0.876,,0.052,305,,0.272,0.408,,19.0,0.0,2004,0.179,698.0,,0.5389999999999999,0.461,0.3813340563991323,analytics
27.0,Toronto Raptors,82,19980,0.418,13.1,,0.796,0.252,0.123,0.155,0.267,0.204,,0.434,0.575,0.398,0.346,0.368,0.356,,0.519,0.944,,0.041,238,,0.451,0.405,,8.0,0.0,2004,0.177,553.0,,0.45599999999999996,0.545,0.3685137614678899,traditional
28.0,Utah Jazz,82,19780,0.436,11.5,,0.873,0.357,0.085,0.104,0.327,0.127,,0.453,0.555,0.353,0.357,0.397,0.321,,0.598,0.845,,0.041,232,,0.229,0.361,,8.0,0.0,2004,0.284,889.0,,0.484,0.516,0.38168992248062017,mid
29.0,Washington Wizards,82,19830,0.421,11.9,,0.806,0.29,0.18,0.123,0.213,0.194,,0.44,0.618,0.317,0.34,0.358,0.341,,0.511,0.808,,0.053,325,,0.214,0.371,,4.0,0.0,2004,0.225,806.0,,0.484,0.516,0.339406976744186,mid
,League Average,82,19825,0.439,12.0,,0.813,0.297,0.147,0.141,0.229,0.187,,0.46,0.592,0.382,0.377,0.388,0.347,,0.565,0.857,,0.047,280,,0.261,0.378,,11.6,0.3,2004,0.226,782.0,,0.484,0.517,0.3832940038684719,mid
1.0,Atlanta Hawks,82,19855,0.441,10.4,,0.854,0.371,0.141,0.139,0.204,0.146,,0.463,0.579,0.341,0.331,0.426,0.312,,0.511,0.872,,0.056,354,,0.265,0.295,,16.0,0.0,2005,0.289,985.0,,0.517,0.484,0.37395454545454543,analytics
2.0,Boston Celtics*,82,19880,0.468,11.3,,0.808,0.364,0.119,0.113,0.212,0.192,,0.496,0.614,0.36,0.379,0.433,0.349,,0.543,0.899,,0.049,305,,0.296,0.381,,12.0,0.0,2005,0.296,1065.0,,0.556,0.44399999999999995,0.3996914414414414,analytics
3.0,Charlotte Bobcats,82,19880,0.432,11.7,,0.872,0.284,0.149,0.145,0.294,0.128,,0.442,0.574,0.375,0.351,0.392,0.363,,0.57,0.903,,0.036,232,,0.344,0.413,,6.0,0.0,2005,0.223,791.0,,0.412,0.588,0.3775816326530612,traditional
4.0,Chicago Bulls*,82,19830,0.432,12.3,,0.783,0.297,0.144,0.128,0.214,0.217,,0.453,0.566,0.374,0.367,0.401,0.357,,0.569,0.806,,0.044,272,,0.234,0.402,,5.0,0.0,2005,0.229,743.0,,0.514,0.486,0.3840452674897119,mid
5.0,Cleveland Cavaliers,82,19855,0.447,11.2,,0.865,0.312,0.161,0.159,0.233,0.135,,0.465,0.609,0.402,0.358,0.39,0.332,,0.599,0.797,,0.056,352,,0.292,0.36,,4.0,0.0,2005,0.217,765.0,,0.447,0.553,0.3842929475587703,traditional
6.0,Dallas Mavericks*,82,19730,0.457,12.3,,0.81,0.287,0.132,0.148,0.243,0.19,,0.479,0.594,0.44,0.399,0.413,0.364,,0.472,0.834,,0.046,287,,0.242,0.37,,20.0,0.0,2005,0.219,756.0,,0.477,0.523,0.4158527724665392,traditional
7.0,Denver Nuggets*,82,19755,0.459,11.1,,0.858,0.364,0.102,0.117,0.274,0.142,,0.479,0.627,0.36,0.36,0.377,0.34,,0.617,0.878,,0.083,499,,0.304,0.399,,23.0,0.0,2005,0.261,955.0,,0.506,0.493,0.369448275862069,mid
8.0,Detroit Pistons*,82,19955,0.444,11.5,,0.836,0.321,0.117,0.183,0.215,0.164,,0.463,0.576,0.393,0.413,0.377,0.345,,0.592,0.865,,0.066,379,,0.273,0.355,,8.0,0.0,2005,0.225,723.0,,0.485,0.515,0.3934271844660194,traditional
9.0,Golden State Warriors,82,19905,0.43,13.3,,0.748,0.254,0.155,0.092,0.248,0.252,,0.457,0.642,0.328,0.364,0.382,0.352,,0.542,0.814,,0.041,270,,0.246,0.358,,10.0,0.0,2005,0.201,825.0,,0.506,0.495,0.36174545454545454,mid
10.0,Houston Rockets*,82,19855,0.443,13.4,,0.763,0.254,0.134,0.119,0.256,0.237,,0.468,0.59,0.435,0.394,0.399,0.364,,0.561,0.808,,0.045,251,,0.277,0.391,,11.0,0.0,2005,0.188,635.0,,0.491,0.509,0.4073084479371316,mid
11.0,Indiana Pacers*,82,19905,0.432,13.2,,0.745,0.27,0.14,0.137,0.199,0.255,,0.463,0.582,0.407,0.397,0.384,0.344,,0.481,0.86,,0.036,203,,0.272,0.403,,10.0,0.0,2005,0.213,663.0,,0.525,0.47600000000000003,0.39450630252100843,analytics
12.0,Los Angeles Clippers,82,20030,0.459,11.4,,0.895,0.298,0.151,0.156,0.29,0.105,,0.473,0.59,0.449,0.397,0.405,0.345,,0.632,0.861,,0.052,305,,0.302,0.411,,13.0,0.0,2005,0.229,750.0,,0.40299999999999997,0.597,0.41403852596314905,traditional
13.0,Los Angeles Lakers,82,19780,0.437,12.7,,0.727,0.329,0.118,0.092,0.188,0.273,,0.467,0.562,0.411,0.377,0.382,0.355,,0.491,0.88,,0.045,269,,0.25,0.352,,29.0,0.0,2005,0.255,857.0,,0.6020000000000001,0.398,0.3894422110552764,analytics
14.0,Memphis Grizzlies*,82,19705,0.447,11.4,,0.763,0.354,0.145,0.089,0.176,0.237,,0.475,0.578,0.388,0.369,0.39,0.357,,0.546,0.896,,0.065,358,,0.31,0.369,,15.0,0.0,2005,0.269,861.0,,0.591,0.41,0.38473414634146336,analytics
15.0,Miami Heat*,82,19980,0.486,11.5,,0.802,0.336,0.137,0.111,0.218,0.198,,0.513,0.652,0.423,0.376,0.427,0.377,,0.528,0.855,,0.084,499,,0.255,0.374,,7.0,1.0,2005,0.23,838.0,,0.534,0.46599999999999997,0.41367596566523607,analytics
16.0,Milwaukee Bucks,82,19780,0.45,11.1,,0.859,0.331,0.128,0.177,0.224,0.141,,0.467,0.558,0.395,0.412,0.416,0.351,,0.543,0.88,,0.044,261,,0.266,0.37,,8.0,0.0,2005,0.261,872.0,,0.472,0.529,0.40958034026465023,traditional
17.0,Minnesota Timberwolves,82,19755,0.459,13.2,,0.827,0.225,0.138,0.18,0.285,0.173,,0.483,0.618,0.435,0.426,0.436,0.345,,0.593,0.876,,0.03,181,,0.211,0.388,,13.0,0.0,2005,0.173,656.0,,0.398,0.603,0.43278606965174127,traditional
18.0,New Jersey Nets*,82,19905,0.429,12.9,,0.813,0.276,0.118,0.119,0.299,0.187,,0.444,0.538,0.402,0.365,0.407,0.362,,0.597,0.89,,0.038,217,,0.279,0.39,,12.0,0.0,2005,0.217,669.0,,0.463,0.536,0.3965746268656716,traditional
19.0,New Orleans Hornets,82,19930,0.415,12.6,,0.799,0.304,0.096,0.122,0.277,0.201,,0.44,0.537,0.374,0.382,0.381,0.315,,0.601,0.822,,0.044,256,,0.227,0.331,,9.0,0.0,2005,0.237,724.0,,0.505,0.495,0.37988888888888894,mid
20.0,New York Knicks,82,19880,0.451,12.1,,0.812,0.3,0.14,0.122,0.251,0.188,,0.473,0.586,0.396,0.419,0.407,0.356,,0.515,0.812,,0.04,239,,0.261,0.395,,16.0,0.0,2005,0.237,832.0,,0.488,0.513,0.40685185185185185,mid
21.0,Orlando Magic,82,19705,0.454,11.6,,0.863,0.327,0.106,0.154,0.276,0.137,,0.471,0.597,0.373,0.399,0.4,0.349,,0.487,0.813,,0.069,422,,0.204,0.385,,7.0,0.0,2005,0.233,800.0,,0.464,0.536,0.39437313432835824,traditional
22.0,Philadelphia 76ers*,82,19855,0.437,12.0,,0.784,0.323,0.12,0.129,0.213,0.216,,0.462,0.587,0.374,0.349,0.391,0.348,,0.521,0.869,,0.05,317,,0.253,0.414,,7.0,0.0,2005,0.247,846.0,,0.539,0.46199999999999997,0.3748571428571429,analytics
23.0,Phoenix Suns*,82,19780,0.477,13.0,,0.711,0.3,0.119,0.12,0.172,0.289,,0.512,0.64,0.421,0.418,0.416,0.393,,0.483,0.869,,0.078,505,,0.312,0.413,,22.0,1.0,2005,0.204,792.0,,0.589,0.411,0.4180316301703163,analytics
24.0,Portland Trail Blazers,82,19730,0.451,11.1,,0.819,0.335,0.161,0.11,0.213,0.181,,0.471,0.611,0.382,0.341,0.384,0.362,,0.553,0.84,,0.076,446,,0.213,0.397,,10.0,0.0,2005,0.235,794.0,,0.516,0.484,0.37356198347107444,mid
25.0,Sacramento Kings*,82,19855,0.459,13.4,,0.8,0.258,0.125,0.081,0.336,0.2,,0.48,0.618,0.435,0.38,0.415,0.374,,0.582,0.852,,0.039,238,,0.254,0.418,,9.0,0.0,2005,0.199,794.0,,0.458,0.542,0.4143819188191882,traditional
26.0,San Antonio Spurs*,82,19805,0.453,11.6,,0.784,0.293,0.201,0.118,0.173,0.216,,0.478,0.637,0.399,0.378,0.369,0.363,,0.536,0.939,,0.034,187,,0.431,0.388,,8.0,0.0,2005,0.254,970.0,,0.509,0.492,0.3834146341463414,mid
27.0,Seattle SuperSonics*,82,19755,0.444,12.9,,0.719,0.276,0.16,0.118,0.165,0.281,,0.474,0.605,0.397,0.397,0.385,0.365,,0.411,0.865,,0.04,234,,0.239,0.399,,19.0,0.0,2005,0.221,791.0,,0.557,0.44300000000000006,0.392530474040632,analytics
28.0,Toronto Raptors,82,19805,0.444,12.9,,0.747,0.283,0.123,0.136,0.206,0.253,,0.463,0.564,0.403,0.402,0.401,0.385,,0.488,0.843,,0.04,232,,0.384,0.416,,13.0,0.0,2005,0.21,700.0,,0.536,0.46499999999999997,0.4018215053763441,analytics
29.0,Utah Jazz,82,19780,0.449,11.6,,0.879,0.336,0.093,0.137,0.312,0.121,,0.465,0.589,0.363,0.378,0.402,0.328,,0.625,0.86,,0.042,243,,0.252,0.38,,14.0,0.0,2005,0.269,911.0,,0.457,0.542,0.3892416974169742,traditional
30.0,Washington Wizards*,82,19780,0.437,12.5,,0.78,0.268,0.188,0.118,0.206,0.22,,0.463,0.664,0.323,0.345,0.396,0.343,,0.478,0.763,,0.053,339,,0.208,0.321,,8.0,1.0,2005,0.204,823.0,,0.488,0.512,0.35744140625,mid
,League Average,82,19838,0.447,12.1,,0.804,0.304,0.135,0.129,0.236,0.196,,0.47,0.596,0.391,0.383,0.4,0.356,,0.544,0.854,,0.051,305,,0.272,0.384,,12.1,0.1,2005,0.231,806.0,,0.5,0.5,0.393184,mid
1.0,Atlanta Hawks,82,19880,0.454,11.3,,0.822,0.342,0.132,0.118,0.231,0.178,,0.472,0.583,0.371,0.377,0.414,0.367,,0.504,0.837,,0.047,290,,0.278,0.383,,11.0,0.0,2006,0.272,922.0,,0.52,0.481,0.3931226611226611,mid
2.0,Boston Celtics,82,19880,0.467,12.0,,0.796,0.341,0.117,0.111,0.228,0.204,,0.494,0.602,0.381,0.411,0.43,0.362,,0.523,0.895,,0.042,247,,0.267,0.39,,14.0,2.0,2006,0.283,961.0,,0.545,0.456,0.41280263157894737,analytics
3.0,Charlotte Bobcats,82,19905,0.433,11.9,,0.816,0.328,0.12,0.107,0.261,0.184,,0.454,0.566,0.407,0.364,0.371,0.339,,0.527,0.893,,0.04,244,,0.315,0.411,,18.0,1.0,2006,0.265,939.0,,0.512,0.488,0.3783176229508196,mid
4.0,Chicago Bulls*,82,19905,0.446,13.0,,0.781,0.292,0.106,0.114,0.269,0.219,,0.465,0.551,0.42,0.41,0.412,0.379,,0.552,0.813,,0.025,158,,0.284,0.389,,12.0,0.0,2006,0.247,868.0,,0.511,0.489,0.4132678936605317,mid
5.0,Cleveland Cavaliers*,82,19830,0.454,11.9,,0.772,0.351,0.121,0.103,0.198,0.228,,0.487,0.616,0.375,0.348,0.399,0.339,,0.482,0.803,,0.054,317,,0.365,0.36,,15.0,0.0,2006,0.252,920.0,,0.579,0.422,0.3796706161137441,analytics
6.0,Dallas Mavericks*,82,19880,0.462,11.8,,0.825,0.287,0.143,0.178,0.218,0.175,,0.481,0.571,0.423,0.425,0.447,0.374,,0.435,0.894,,0.035,195,,0.232,0.422,,19.0,0.0,2006,0.227,754.0,,0.46199999999999997,0.5389999999999999,0.43336734693877554,traditional
7.0,Denver Nuggets*,82,19930,0.461,11.4,,0.839,0.367,0.088,0.103,0.28,0.161,,0.487,0.613,0.368,0.377,0.401,0.325,,0.591,0.886,,0.075,466,,0.303,0.319,,20.0,1.0,2006,0.269,963.0,,0.528,0.47100000000000003,0.3895859872611465,mid
8.0,Detroit Pistons*,82,19830,0.455,13.2,,0.779,0.269,0.086,0.174,0.249,0.221,,0.475,0.608,0.405,0.415,0.398,0.384,,0.629,0.797,,0.059,347,,0.293,0.4,,4.0,0.0,2006,0.188,647.0,,0.49,0.509,0.4049941060903733,traditional
9.0,Golden State Warriors,82,19830,0.433,13.1,,0.73,0.283,0.152,0.083,0.211,0.27,,0.467,0.633,0.348,0.357,0.374,0.341,,0.519,0.789,,0.051,315,,0.267,0.38,,13.0,0.0,2006,0.224,851.0,,0.5529999999999999,0.44599999999999995,0.36197533632287,analytics
10.0,Houston Rockets,82,19830,0.433,12.6,,0.774,0.281,0.151,0.118,0.225,0.226,,0.463,0.577,0.426,0.367,0.395,0.332,,0.531,0.832,,0.035,193,,0.26,0.391,,9.0,0.0,2006,0.229,772.0,,0.507,0.494,0.39778744939271254,mid
11.0,Indiana Pacers*,82,19730,0.444,12.9,,0.755,0.283,0.141,0.133,0.198,0.245,,0.475,0.603,0.431,0.363,0.398,0.349,,0.531,0.815,,0.042,249,,0.239,0.376,,12.0,0.0,2006,0.231,778.0,,0.528,0.47200000000000003,0.39799576271186443,mid
12.0,Los Angeles Clippers*,82,19805,0.465,11.9,,0.869,0.248,0.174,0.206,0.242,0.131,,0.483,0.593,0.467,0.469,0.392,0.344,,0.537,0.886,,0.032,186,,0.217,0.393,,14.0,0.0,2006,0.2,713.0,,0.379,0.622,0.43848231511254016,traditional
13.0,Los Angeles Lakers*,82,19855,0.453,12.8,,0.76,0.304,0.121,0.106,0.229,0.24,,0.486,0.6,0.439,0.396,0.4,0.349,,0.515,0.864,,0.053,322,,0.186,0.38,,13.0,0.0,2006,0.23,811.0,,0.544,0.45599999999999996,0.40941885964912283,analytics
14.0,Memphis Grizzlies*,82,19855,0.448,12.0,,0.742,0.328,0.145,0.092,0.178,0.258,,0.474,0.603,0.372,0.335,0.392,0.374,,0.494,0.885,,0.051,275,,0.304,0.386,,8.0,0.0,2006,0.254,869.0,,0.5860000000000001,0.415,0.3723759036144579,analytics
15.0,Miami Heat*,82,19755,0.478,11.4,,0.773,0.34,0.162,0.094,0.177,0.227,,0.517,0.669,0.406,0.36,0.411,0.345,,0.485,0.924,,0.084,499,,0.284,0.401,,16.0,1.0,2006,0.235,861.0,,0.5670000000000001,0.433,0.3980577367205542,analytics
16.0,Milwaukee Bucks*,82,19855,0.453,11.4,,0.797,0.339,0.134,0.132,0.192,0.203,,0.472,0.575,0.39,0.395,0.4,0.38,,0.536,0.878,,0.043,266,,0.295,0.401,,2.0,0.0,2006,0.267,928.0,,0.542,0.458,0.39563318777292583,analytics
17.0,Minnesota Timberwolves,82,19855,0.456,12.5,,0.851,0.285,0.118,0.145,0.304,0.149,,0.478,0.601,0.441,0.406,0.41,0.329,,0.57,0.797,,0.048,289,,0.197,0.414,,19.0,0.0,2006,0.215,712.0,,0.43399999999999994,0.567,0.4154285714285714,traditional
18.0,New Jersey Nets*,82,19780,0.44,12.9,,0.771,0.299,0.114,0.102,0.257,0.229,,0.472,0.569,0.393,0.36,0.44,0.33,,0.634,0.893,,0.052,292,,0.269,0.373,,16.0,1.0,2006,0.216,677.0,,0.528,0.473,0.4114207188160677,mid
19.0,New Orleans/Oklahoma City Hornets,82,19805,0.44,11.2,,0.862,0.324,0.133,0.139,0.267,0.138,,0.457,0.572,0.364,0.363,0.411,0.339,,0.497,0.873,,0.05,284,,0.234,0.386,,8.0,0.0,2006,0.254,823.0,,0.462,0.539,0.3870241187384045,traditional
20.0,New York Knicks,82,19930,0.455,10.0,,0.858,0.383,0.161,0.108,0.205,0.142,,0.47,0.573,0.391,0.361,0.397,0.362,,0.479,0.844,,0.063,353,,0.381,0.395,,15.0,0.0,2006,0.3,938.0,,0.525,0.474,0.3867594936708861,mid
21.0,Orlando Magic,82,19905,0.472,10.9,,0.871,0.358,0.125,0.13,0.258,0.129,,0.486,0.599,0.385,0.398,0.424,0.376,,0.474,0.863,,0.075,419,,0.198,0.449,,12.0,0.0,2006,0.257,825.0,,0.487,0.513,0.40790838206627683,traditional
22.0,Philadelphia 76ers,82,19905,0.458,11.1,,0.842,0.328,0.15,0.145,0.22,0.158,,0.476,0.59,0.416,0.395,0.401,0.364,,0.502,0.891,,0.069,421,,0.263,0.399,,6.0,0.0,2006,0.234,746.0,,0.486,0.515,0.40367961165048544,traditional
23.0,Phoenix Suns*,82,19955,0.479,14.4,,0.707,0.254,0.089,0.104,0.26,0.293,,0.511,0.662,0.413,0.415,0.437,0.399,,0.569,0.84,,0.041,275,,0.286,0.42,,10.0,0.0,2006,0.199,874.0,,0.5469999999999999,0.453,0.4272339955849889,analytics
24.0,Portland Trail Blazers,82,19730,0.445,11.9,,0.834,0.31,0.143,0.097,0.283,0.166,,0.464,0.599,0.367,0.407,0.386,0.349,,0.485,0.86,,0.05,281,,0.283,0.363,,16.0,1.0,2006,0.233,780.0,,0.476,0.5229999999999999,0.38469980879541116,traditional
25.0,Sacramento Kings*,82,19830,0.454,13.3,,0.783,0.281,0.118,0.07,0.315,0.217,,0.483,0.628,0.427,0.382,0.397,0.351,,0.566,0.874,,0.04,246,,0.247,0.365,,10.0,0.0,2006,0.225,847.0,,0.498,0.503,0.4019502982107356,traditional
26.0,San Antonio Spurs*,82,19805,0.472,11.8,,0.785,0.295,0.187,0.109,0.194,0.215,,0.496,0.657,0.407,0.399,0.39,0.385,,0.504,0.901,,0.03,170,,0.408,0.432,,8.0,0.0,2006,0.254,1005.0,,0.51,0.49,0.3984897959183673,mid
27.0,Seattle SuperSonics,82,19830,0.459,12.5,,0.757,0.275,0.173,0.124,0.184,0.243,,0.487,0.615,0.42,0.401,0.415,0.371,,0.481,0.836,,0.054,318,,0.207,0.412,,19.0,0.0,2006,0.2,741.0,,0.518,0.481,0.4131891891891892,mid
28.0,Toronto Raptors,82,19955,0.454,12.9,,0.756,0.279,0.135,0.128,0.214,0.244,,0.479,0.584,0.431,0.376,0.433,0.375,,0.449,0.842,,0.039,236,,0.352,0.382,,13.0,1.0,2006,0.207,708.0,,0.523,0.477,0.41713836477987426,mid
29.0,Utah Jazz,82,19880,0.442,11.7,,0.851,0.348,0.097,0.109,0.297,0.149,,0.461,0.588,0.337,0.389,0.378,0.336,,0.62,0.846,,0.032,181,,0.129,0.37,,10.0,1.0,2006,0.289,1004.0,,0.497,0.503,0.37247713717693837,traditional
30.0,Washington Wizards*,82,19830,0.447,12.6,,0.791,0.287,0.164,0.093,0.247,0.209,,0.471,0.638,0.354,0.388,0.385,0.357,,0.463,0.757,,0.047,299,,0.179,0.356,,10.0,0.0,2006,0.223,853.0,,0.496,0.504,0.3754662698412698,traditional
,League Average,82,19853,0.454,12.2,,0.798,0.309,0.133,0.119,0.236,0.202,,0.478,0.601,0.4,0.391,0.405,0.358,,0.523,0.851,,0.049,288,,0.27,0.39,,12.4,0.3,2006,0.239,836.0,,0.511,0.488,0.4002233606557377,mid
1.0,Atlanta Hawks,82,19880,0.444,11.7,,0.837,0.356,0.097,0.09,0.294,0.163,,0.467,0.572,0.385,0.398,0.387,0.329,,0.518,0.833,,0.047,273,,0.253,0.373,,8.0,0.0,2007,0.284,940.0,,0.519,0.481,0.38865488565488565,mid
2.0,Boston Celtics,82,19855,0.443,12.0,,0.801,0.317,0.152,0.102,0.23,0.199,,0.462,0.585,0.379,0.368,0.388,0.367,,0.499,0.93,,0.032,189,,0.271,0.414,,12.0,0.0,2007,0.268,915.0,,0.516,0.484,0.38095867768595043,mid
3.0,Charlotte Bobcats,82,20005,0.446,11.8,,0.807,0.335,0.129,0.095,0.249,0.193,,0.467,0.574,0.381,0.352,0.41,0.357,,0.565,0.921,,0.04,251,,0.352,0.384,,14.0,1.0,2007,0.272,950.0,,0.528,0.473,0.39044186046511625,mid
4.0,Chicago Bulls*,82,19780,0.457,12.7,,0.814,0.302,0.1,0.118,0.295,0.186,,0.473,0.567,0.386,0.407,0.432,0.388,,0.562,0.81,,0.041,259,,0.223,0.42,,11.0,0.0,2007,0.24,805.0,,0.488,0.513,0.4172826510721247,traditional
5.0,Cleveland Cavaliers*,82,19880,0.447,12.1,,0.789,0.323,0.129,0.123,0.214,0.211,,0.473,0.622,0.358,0.373,0.375,0.352,,0.519,0.846,,0.045,282,,0.342,0.363,,12.0,2.0,2007,0.236,911.0,,0.534,0.46599999999999997,0.3697660944206009,mid
6.0,Dallas Mavericks*,82,19755,0.467,13.0,,0.782,0.269,0.104,0.163,0.246,0.218,,0.491,0.606,0.401,0.452,0.43,0.381,,0.469,0.88,,0.035,210,,0.328,0.377,,14.0,0.0,2007,0.216,762.0,,0.487,0.513,0.43111111111111117,traditional
7.0,Denver Nuggets*,82,19780,0.465,11.4,,0.788,0.37,0.104,0.1,0.214,0.212,,0.5,0.632,0.393,0.392,0.373,0.336,,0.55,0.924,,0.074,461,,0.251,0.318,,16.0,0.0,2007,0.263,1001.0,,0.582,0.41800000000000004,0.38252153110047843,analytics
8.0,Detroit Pistons*,82,19880,0.454,12.4,,0.799,0.291,0.11,0.182,0.216,0.201,,0.481,0.602,0.408,0.404,0.421,0.344,,0.561,0.822,,0.052,307,,0.318,0.352,,13.0,1.0,2007,0.213,736.0,,0.492,0.508,0.4120944881889763,traditional
9.0,Golden State Warriors*,82,19755,0.463,12.3,,0.721,0.338,0.135,0.077,0.172,0.279,,0.504,0.654,0.362,0.359,0.386,0.356,,0.525,0.866,,0.048,325,,0.339,0.386,,15.0,0.0,2007,0.269,1139.0,,0.617,0.384,0.3721484375,analytics
10.0,Houston Rockets*,82,19855,0.445,13.2,,0.71,0.276,0.145,0.104,0.185,0.29,,0.475,0.578,0.431,0.385,0.406,0.372,,0.518,0.8,,0.022,142,,0.269,0.399,,7.0,1.0,2007,0.233,824.0,,0.5660000000000001,0.434,0.40932027649769587,analytics
11.0,Indiana Pacers,82,19780,0.438,12.6,,0.788,0.272,0.158,0.146,0.213,0.212,,0.462,0.589,0.416,0.379,0.392,0.346,,0.522,0.898,,0.033,201,,0.269,0.366,,11.0,2.0,2007,0.225,796.0,,0.484,0.517,0.39566344294003863,traditional
12.0,Los Angeles Clippers,82,19730,0.456,12.2,,0.857,0.252,0.157,0.194,0.255,0.143,,0.474,0.619,0.454,0.406,0.394,0.348,,0.572,0.933,,0.026,158,,0.181,0.38,,16.0,0.0,2007,0.208,760.0,,0.395,0.606,0.4133861386138614,traditional
13.0,Los Angeles Lakers*,82,20030,0.466,12.4,,0.741,0.326,0.122,0.096,0.196,0.259,,0.505,0.611,0.429,0.428,0.415,0.353,,0.537,0.837,,0.049,308,,0.229,0.392,,14.0,0.0,2007,0.256,941.0,,0.585,0.41400000000000003,0.4221400966183574,analytics
14.0,Memphis Grizzlies,82,19980,0.465,11.7,,0.789,0.343,0.139,0.1,0.207,0.211,,0.491,0.595,0.425,0.394,0.41,0.367,,0.505,0.836,,0.07,402,,0.163,0.446,,17.0,0.0,2007,0.252,823.0,,0.554,0.446,0.4110874439461883,analytics
15.0,Miami Heat*,82,19855,0.464,12.4,,0.755,0.304,0.147,0.094,0.211,0.245,,0.503,0.642,0.432,0.393,0.402,0.343,,0.514,0.856,,0.054,315,,0.263,0.366,,12.0,0.0,2007,0.228,830.0,,0.5489999999999999,0.45199999999999996,0.4098849557522124,analytics
16.0,Milwaukee Bucks,82,19855,0.465,11.4,,0.781,0.36,0.124,0.113,0.183,0.219,,0.495,0.6,0.43,0.419,0.381,0.356,,0.512,0.844,,0.04,244,,0.26,0.376,,5.0,0.0,2007,0.291,1106.0,,0.579,0.42,0.40569047619047616,analytics
17.0,Minnesota Timberwolves,82,20005,0.461,12.8,,0.833,0.267,0.127,0.133,0.305,0.167,,0.483,0.608,0.426,0.432,0.419,0.353,,0.576,0.896,,0.037,214,,0.259,0.369,,24.0,1.0,2007,0.211,766.0,,0.43400000000000005,0.565,0.4236336283185841,traditional
18.0,New Jersey Nets*,82,19880,0.457,12.8,,0.737,0.332,0.089,0.077,0.24,0.263,,0.49,0.585,0.422,0.396,0.413,0.363,,0.609,0.916,,0.06,347,,0.273,0.393,,11.0,0.0,2007,0.244,809.0,,0.595,0.40599999999999997,0.4117487684729064,analytics
19.0,New Orleans/Oklahoma City Hornets,82,19880,0.445,11.5,,0.812,0.307,0.17,0.119,0.216,0.188,,0.464,0.602,0.404,0.344,0.382,0.362,,0.456,0.855,,0.049,285,,0.217,0.388,,8.0,0.0,2007,0.235,850.0,,0.495,0.505,0.38045148514851485,traditional
20.0,New York Knicks,82,20005,0.457,10.8,,0.784,0.389,0.142,0.073,0.18,0.216,,0.487,0.6,0.411,0.328,0.368,0.346,,0.475,0.797,,0.051,302,,0.261,0.364,,17.0,0.0,2007,0.303,1054.0,,0.605,0.39499999999999996,0.3760658227848101,analytics
21.0,Orlando Magic*,82,19780,0.472,10.8,,0.842,0.361,0.15,0.106,0.225,0.158,,0.494,0.631,0.415,0.36,0.391,0.356,,0.483,0.883,,0.078,436,,0.291,0.382,,6.0,0.0,2007,0.257,877.0,,0.519,0.481,0.3916528066528067,mid
22.0,Philadelphia 76ers,82,19880,0.458,11.4,,0.872,0.321,0.117,0.171,0.262,0.128,,0.474,0.616,0.381,0.373,0.408,0.345,,0.535,0.887,,0.069,407,,0.213,0.394,,16.0,0.0,2007,0.231,778.0,,0.449,0.55,0.3913745454545454,traditional
23.0,Phoenix Suns*,82,19905,0.494,13.1,,0.713,0.31,0.104,0.097,0.202,0.287,,0.532,0.671,0.455,0.433,0.407,0.399,,0.557,0.856,,0.063,389,,0.315,0.448,,15.0,0.0,2007,0.235,979.0,,0.597,0.403,0.42564516129032254,analytics
24.0,Portland Trail Blazers,82,19955,0.45,12.2,,0.807,0.288,0.162,0.105,0.253,0.193,,0.474,0.589,0.441,0.38,0.405,0.346,,0.464,0.885,,0.033,185,,0.363,0.396,,23.0,0.0,2007,0.228,810.0,,0.481,0.52,0.41116730769230775,traditional
25.0,Sacramento Kings,82,19805,0.45,12.7,,0.768,0.294,0.142,0.077,0.255,0.232,,0.48,0.6,0.418,0.38,0.408,0.35,,0.502,0.858,,0.035,206,,0.194,0.357,,4.0,0.0,2007,0.244,907.0,,0.526,0.474,0.40644725738396625,mid
26.0,San Antonio Spurs*,82,19780,0.474,12.7,,0.753,0.288,0.155,0.107,0.204,0.247,,0.504,0.653,0.444,0.406,0.392,0.381,,0.523,0.934,,0.025,128,,0.384,0.406,,9.0,0.0,2007,0.251,993.0,,0.5349999999999999,0.46599999999999997,0.412510729613734,mid
27.0,Seattle SuperSonics,82,19830,0.46,11.8,,0.781,0.291,0.183,0.137,0.17,0.219,,0.487,0.625,0.421,0.391,0.401,0.362,,0.503,0.811,,0.061,359,,0.235,0.349,,14.0,0.0,2007,0.207,761.0,,0.51,0.49,0.4056734693877551,traditional
28.0,Toronto Raptors*,82,19755,0.463,13.2,,0.776,0.277,0.109,0.117,0.273,0.224,,0.492,0.619,0.429,0.379,0.437,0.363,,0.536,0.906,,0.04,229,,0.329,0.427,,13.0,1.0,2007,0.2,746.0,,0.501,0.499,0.4216533066132265,traditional
29.0,Utah Jazz*,82,19805,0.474,11.4,,0.837,0.359,0.107,0.113,0.257,0.163,,0.501,0.621,0.371,0.401,0.432,0.335,,0.632,0.867,,0.039,239,,0.159,0.298,,13.0,0.0,2007,0.3,1127.0,,0.522,0.477,0.41097274633123687,mid
30.0,Washington Wizards*,82,19830,0.45,13.2,,0.763,0.294,0.121,0.079,0.269,0.237,,0.482,0.626,0.386,0.355,0.405,0.348,,0.487,0.781,,0.041,268,,0.208,0.352,,8.0,1.0,2007,0.232,887.0,,0.5309999999999999,0.46900000000000003,0.3916759061833689,mid
,League Average,82,19856,0.458,12.2,,0.787,0.314,0.131,0.113,0.229,0.213,,0.485,0.61,0.411,0.392,0.404,0.358,,0.527,0.863,,0.046,277,,0.271,0.384,,12.6,0.3,2007,0.244,886.0,,0.527,0.473,0.4030718816067654,mid
1.0,Atlanta Hawks*,82,19855,0.454,11.5,,0.835,0.339,0.14,0.096,0.261,0.165,,0.473,0.602,0.414,0.342,0.386,0.356,,0.572,0.836,,0.062,370,,0.25,0.387,,17.0,1.0,2008,0.259,926.0,,0.504,0.497,0.3853883299798793,mid
2.0,Boston Celtics*,82,19755,0.475,12.7,,0.751,0.32,0.118,0.102,0.211,0.249,,0.506,0.615,0.405,0.405,0.447,0.381,,0.549,0.874,,0.045,267,,0.253,0.41,,15.0,0.0,2008,0.27,967.0,,0.569,0.43099999999999994,0.42556148491879353,analytics
3.0,Charlotte Bobcats,82,19880,0.452,12.0,,0.78,0.338,0.114,0.098,0.229,0.22,,0.476,0.586,0.412,0.358,0.395,0.367,,0.526,0.888,,0.053,308,,0.351,0.372,,6.0,0.0,2008,0.274,954.0,,0.558,0.44100000000000006,0.391172335600907,mid
4.0,Chicago Bulls,82,19805,0.435,12.6,,0.81,0.306,0.102,0.12,0.282,0.19,,0.452,0.537,0.392,0.384,0.411,0.363,,0.556,0.873,,0.046,284,,0.232,0.396,,11.0,0.0,2008,0.239,800.0,,0.496,0.504,0.40072619047619046,traditional
5.0,Cleveland Cavaliers*,82,19855,0.439,12.7,,0.769,0.321,0.105,0.106,0.238,0.231,,0.463,0.602,0.366,0.357,0.365,0.358,,0.498,0.821,,0.041,251,,0.345,0.383,,9.0,0.0,2008,0.252,944.0,,0.552,0.44899999999999995,0.3633452115812918,mid
6.0,Dallas Mavericks*,82,19730,0.464,13.0,,0.785,0.264,0.108,0.17,0.243,0.215,,0.495,0.611,0.398,0.438,0.453,0.352,,0.503,0.903,,0.039,239,,0.279,0.371,,19.0,0.0,2008,0.209,759.0,,0.479,0.521,0.4367044145873321,traditional
7.0,Denver Nuggets*,82,19855,0.47,11.9,,0.772,0.362,0.102,0.1,0.208,0.228,,0.504,0.622,0.4,0.392,0.404,0.355,,0.551,0.907,,0.076,488,,0.241,0.403,,32.0,0.0,2008,0.259,1023.0,,0.59,0.41000000000000003,0.4000780487804878,analytics
8.0,Detroit Pistons*,82,19730,0.458,13.5,,0.797,0.265,0.085,0.153,0.295,0.203,,0.481,0.613,0.392,0.405,0.428,0.366,,0.566,0.842,,0.047,278,,0.259,0.366,,14.0,0.0,2008,0.199,738.0,,0.468,0.5329999999999999,0.415656660412758,traditional
9.0,Golden State Warriors,82,19780,0.459,12.7,,0.705,0.345,0.121,0.068,0.171,0.295,,0.506,0.634,0.378,0.378,0.39,0.348,,0.459,0.815,,0.047,319,,0.245,0.39,,21.0,0.0,2008,0.281,1236.0,,0.6399999999999999,0.36,0.3837000000000001,analytics
10.0,Houston Rockets*,82,19730,0.448,12.7,,0.745,0.315,0.127,0.096,0.206,0.255,,0.485,0.593,0.41,0.404,0.403,0.342,,0.522,0.846,,0.04,243,,0.204,0.375,,12.0,0.0,2008,0.26,955.0,,0.5700000000000001,0.429,0.4052960372960373,analytics
11.0,Indiana Pacers,82,19755,0.444,14.0,,0.711,0.246,0.138,0.111,0.216,0.289,,0.472,0.616,0.423,0.38,0.386,0.374,,0.496,0.927,,0.03,193,,0.188,0.398,,10.0,0.0,2008,0.223,921.0,,0.5349999999999999,0.46499999999999997,0.39554838709677426,mid
12.0,Los Angeles Clippers,82,19805,0.438,12.9,,0.833,0.261,0.128,0.153,0.291,0.167,,0.46,0.592,0.428,0.387,0.395,0.324,,0.571,0.917,,0.034,202,,0.151,0.362,,16.0,2.0,2008,0.212,747.0,,0.42800000000000005,0.5720000000000001,0.40024475524475517,traditional
13.0,Los Angeles Lakers*,82,19780,0.476,12.6,,0.743,0.328,0.109,0.093,0.213,0.257,,0.51,0.632,0.427,0.389,0.417,0.378,,0.554,0.863,,0.069,439,,0.28,0.422,,13.0,0.0,2008,0.248,953.0,,0.585,0.41500000000000004,0.4133518072289156,analytics
14.0,Memphis Grizzlies,82,19805,0.454,12.4,,0.736,0.324,0.142,0.093,0.178,0.264,,0.492,0.61,0.424,0.362,0.399,0.349,,0.42,0.887,,0.054,336,,0.197,0.389,,29.0,0.0,2008,0.252,938.0,,0.5880000000000001,0.413,0.3992639225181598,analytics
15.0,Miami Heat,82,19830,0.443,13.4,,0.783,0.268,0.115,0.107,0.294,0.217,,0.467,0.614,0.391,0.37,0.397,0.358,,0.534,0.829,,0.051,284,,0.221,0.403,,11.0,0.0,2008,0.2,699.0,,0.485,0.516,0.3900639534883721,traditional
16.0,Milwaukee Bucks,82,19855,0.449,11.6,,0.805,0.33,0.149,0.117,0.21,0.195,,0.474,0.561,0.411,0.381,0.433,0.344,,0.535,0.847,,0.047,288,,0.26,0.411,,11.0,0.0,2008,0.248,865.0,,0.525,0.476,0.4133319327731092,mid
17.0,Minnesota Timberwolves,82,19730,0.451,11.6,,0.815,0.306,0.181,0.122,0.206,0.185,,0.474,0.589,0.43,0.379,0.399,0.35,,0.474,0.862,,0.035,210,,0.191,0.358,,27.0,0.0,2008,0.253,942.0,,0.491,0.509,0.405229862475442,traditional
18.0,New Jersey Nets,82,19830,0.443,12.4,,0.778,0.347,0.085,0.09,0.256,0.222,,0.47,0.563,0.365,0.402,0.403,0.348,,0.632,0.873,,0.068,384,,0.259,0.424,,23.0,0.0,2008,0.26,824.0,,0.569,0.431,0.3952969837587007,analytics
19.0,New Orleans Hornets*,82,19805,0.466,12.8,,0.761,0.284,0.137,0.113,0.227,0.239,,0.49,0.617,0.427,0.4,0.413,0.389,,0.484,0.887,,0.057,361,,0.289,0.439,,7.0,1.0,2008,0.204,759.0,,0.5229999999999999,0.477,0.41394129979035643,mid
20.0,New York Knicks,82,19880,0.439,11.5,,0.785,0.353,0.137,0.101,0.194,0.215,,0.467,0.554,0.406,0.365,0.406,0.337,,0.461,0.792,,0.044,266,,0.249,0.362,,21.0,1.0,2008,0.284,975.0,,0.568,0.43200000000000005,0.3964143518518519,analytics
21.0,Orlando Magic*,82,19780,0.474,12.8,,0.678,0.325,0.126,0.096,0.132,0.322,,0.516,0.635,0.414,0.405,0.401,0.386,,0.446,0.873,,0.071,423,,0.334,0.413,,18.0,0.0,2008,0.235,858.0,,0.647,0.354,0.40671186440677964,analytics
22.0,Philadelphia 76ers*,82,19755,0.46,10.9,,0.857,0.359,0.116,0.154,0.227,0.143,,0.483,0.614,0.402,0.396,0.378,0.317,,0.516,0.831,,0.074,459,,0.261,0.367,,23.0,1.0,2008,0.273,961.0,,0.502,0.497,0.38917907444668015,traditional
23.0,Phoenix Suns*,82,19780,0.5,12.7,,0.74,0.31,0.116,0.102,0.211,0.26,,0.538,0.671,0.44,0.439,0.444,0.393,,0.6,0.818,,0.066,422,,0.322,0.401,,5.0,0.0,2008,0.233,961.0,,0.5700000000000001,0.429,0.44172960372960374,analytics
24.0,Portland Trail Blazers,82,19905,0.448,14.1,,0.782,0.214,0.137,0.121,0.311,0.218,,0.468,0.603,0.43,0.407,0.416,0.377,,0.516,0.92,,0.048,276,,0.379,0.409,,29.0,1.0,2008,0.153,531.0,,0.432,0.569,0.41745694200351496,traditional
25.0,Sacramento Kings,82,19830,0.464,12.0,,0.792,0.33,0.124,0.098,0.239,0.208,,0.488,0.599,0.391,0.397,0.423,0.373,,0.451,0.833,,0.044,273,,0.267,0.389,,8.0,0.0,2008,0.27,991.0,,0.538,0.46099999999999997,0.4088655097613883,mid
26.0,San Antonio Spurs*,82,19730,0.457,13.2,,0.749,0.248,0.157,0.116,0.227,0.251,,0.487,0.649,0.401,0.402,0.413,0.369,,0.498,0.928,,0.017,94,,0.414,0.401,,11.0,0.0,2008,0.225,923.0,,0.499,0.5,0.40668000000000004,traditional
27.0,Seattle SuperSonics,82,19830,0.444,11.6,,0.866,0.287,0.159,0.144,0.277,0.134,,0.462,0.594,0.39,0.377,0.408,0.333,,0.527,0.85,,0.057,363,,0.243,0.377,,5.0,0.0,2008,0.209,774.0,,0.421,0.5800000000000001,0.3953689655172414,traditional
28.0,Toronto Raptors*,82,19830,0.468,13.6,,0.783,0.272,0.085,0.111,0.314,0.217,,0.489,0.603,0.443,0.426,0.425,0.392,,0.549,0.944,,0.053,317,,0.311,0.412,,19.0,3.0,2008,0.202,733.0,,0.489,0.51,0.42821764705882354,traditional
29.0,Utah Jazz*,82,19705,0.497,11.2,,0.834,0.375,0.099,0.1,0.26,0.166,,0.522,0.641,0.425,0.416,0.429,0.372,,0.629,0.882,,0.057,341,,0.195,0.404,,19.0,0.0,2008,0.298,1167.0,,0.541,0.459,0.4253050108932462,mid
30.0,Washington Wizards*,82,19905,0.446,13.0,,0.759,0.285,0.145,0.098,0.231,0.241,,0.475,0.633,0.384,0.353,0.388,0.356,,0.474,0.805,,0.043,283,,0.181,0.38,,7.0,0.0,2008,0.225,849.0,,0.526,0.474,0.3795400843881857,mid
,League Average,82,19801,0.457,12.5,,0.778,0.308,0.124,0.111,0.235,0.222,,0.484,0.607,0.408,0.391,0.409,0.362,,0.523,0.867,,0.051,309,,0.264,0.395,,15.6,0.3,2008,0.24,889.0,,0.53,0.47,0.40448510638297874,mid
1.0,Atlanta Hawks*,82,19705,0.458,13.3,,0.747,0.267,0.16,0.101,0.219,0.253,,0.49,0.627,0.461,0.403,0.384,0.366,,0.483,0.868,,0.055,314,,0.285,0.4,,17.0,0.0,2009,0.211,790.0,,0.52,0.48,0.4136645833333334,mid
2.0,Boston Celtics*,82,19880,0.486,12.1,,0.786,0.332,0.123,0.109,0.223,0.214,,0.51,0.633,0.402,0.411,0.434,0.397,,0.541,0.911,,0.044,266,,0.301,0.446,,5.0,0.0,2009,0.281,1042.0,,0.546,0.45499999999999996,0.4198395604395605,mid
3.0,Charlotte Bobcats,82,19930,0.455,11.6,,0.787,0.368,0.119,0.082,0.219,0.213,,0.479,0.566,0.384,0.398,0.415,0.366,,0.539,0.939,,0.047,274,,0.299,0.385,,18.0,1.0,2009,0.307,1002.0,,0.581,0.42000000000000004,0.402897619047619,analytics
4.0,Chicago Bulls*,82,19930,0.457,12.4,,0.811,0.33,0.084,0.104,0.293,0.189,,0.474,0.574,0.386,0.387,0.418,0.381,,0.505,0.817,,0.048,300,,0.246,0.374,,13.0,0.0,2009,0.265,951.0,,0.519,0.481,0.4057089397089397,traditional
5.0,Cleveland Cavaliers*,82,19780,0.468,13.7,,0.741,0.278,0.101,0.101,0.262,0.259,,0.495,0.644,0.385,0.391,0.418,0.393,,0.484,0.79,,0.049,289,,0.351,0.412,,10.0,0.0,2009,0.21,801.0,,0.537,0.464,0.40493965517241376,mid
6.0,Dallas Mavericks*,82,19805,0.462,13.4,,0.759,0.266,0.089,0.162,0.242,0.241,,0.498,0.601,0.402,0.443,0.456,0.35,,0.506,0.851,,0.042,262,,0.282,0.335,,17.0,1.0,2009,0.211,774.0,,0.507,0.493,0.4419797160243408,traditional
7.0,Denver Nuggets*,82,19730,0.47,11.8,,0.773,0.376,0.1,0.081,0.216,0.227,,0.499,0.616,0.407,0.327,0.401,0.371,,0.555,0.777,,0.088,523,,0.193,0.389,,18.0,1.0,2009,0.266,924.0,,0.603,0.397,0.3874130982367758,analytics
8.0,Detroit Pistons*,82,19905,0.454,12.7,,0.835,0.284,0.091,0.156,0.304,0.165,,0.475,0.587,0.477,0.405,0.406,0.349,,0.51,0.955,,0.039,233,,0.38,0.38,,11.0,0.0,2009,0.229,812.0,,0.44899999999999995,0.5509999999999999,0.417442831215971,traditional
9.0,Golden State Warriors,82,19880,0.458,12.6,,0.791,0.308,0.138,0.092,0.252,0.209,,0.48,0.632,0.362,0.366,0.402,0.373,,0.468,0.827,,0.044,290,,0.224,0.461,,18.0,1.0,2009,0.247,1036.0,,0.517,0.482,0.38367634854771787,traditional
10.0,Houston Rockets*,82,19805,0.453,12.3,,0.746,0.309,0.16,0.111,0.166,0.254,,0.48,0.568,0.45,0.409,0.393,0.375,,0.492,0.824,,0.033,195,,0.194,0.383,,25.0,0.0,2009,0.265,922.0,,0.563,0.43700000000000006,0.4179336384439359,analytics
11.0,Indiana Pacers,82,19830,0.455,12.9,,0.756,0.295,0.135,0.103,0.223,0.244,,0.48,0.592,0.413,0.41,0.403,0.378,,0.454,0.933,,0.026,167,,0.174,0.37,,9.0,0.0,2009,0.261,1051.0,,0.5389999999999999,0.46099999999999997,0.40749240780911067,mid
12.0,Los Angeles Clippers,82,19880,0.441,12.2,,0.774,0.336,0.119,0.102,0.218,0.226,,0.467,0.582,0.4,0.347,0.382,0.354,,0.525,0.847,,0.045,260,,0.18,0.426,,30.0,3.0,2009,0.265,957.0,,0.562,0.43899999999999995,0.37874715261959,analytics
13.0,Los Angeles Lakers*,82,19780,0.474,11.9,,0.783,0.32,0.148,0.119,0.196,0.217,,0.505,0.616,0.44,0.443,0.41,0.361,,0.522,0.854,,0.068,442,,0.274,0.366,,14.0,0.0,2009,0.231,872.0,,0.537,0.463,0.42807127429805614,mid
14.0,Memphis Grizzlies,82,19805,0.454,11.4,,0.825,0.332,0.164,0.102,0.227,0.175,,0.474,0.573,0.405,0.398,0.414,0.36,,0.433,0.892,,0.07,406,,0.252,0.394,,13.0,0.0,2009,0.248,759.0,,0.507,0.493,0.4076957403651116,traditional
15.0,Miami Heat*,82,19955,0.457,13.3,,0.755,0.275,0.119,0.114,0.247,0.245,,0.489,0.619,0.423,0.412,0.411,0.357,,0.485,0.826,,0.062,363,,0.288,0.364,,22.0,0.0,2009,0.199,722.0,,0.52,0.48,0.41421250000000004,mid
16.0,Milwaukee Bucks,82,19780,0.445,12.4,,0.792,0.305,0.118,0.125,0.243,0.208,,0.467,0.568,0.437,0.384,0.398,0.363,,0.539,0.892,,0.043,257,,0.304,0.4,,8.0,1.0,2009,0.243,861.0,,0.513,0.486,0.4038683127572017,traditional
17.0,Minnesota Timberwolves,82,19805,0.441,11.9,,0.773,0.332,0.137,0.107,0.196,0.227,,0.467,0.571,0.4,0.365,0.395,0.353,,0.491,0.875,,0.031,186,,0.292,0.411,,18.0,0.0,2009,0.28,1017.0,,0.559,0.44,0.38926136363636366,analytics
18.0,New Jersey Nets,82,19830,0.448,12.8,,0.735,0.33,0.088,0.102,0.215,0.265,,0.473,0.578,0.416,0.375,0.383,0.376,,0.478,0.842,,0.051,304,,0.307,0.451,,9.0,0.0,2009,0.26,893.0,,0.595,0.405,0.3881555555555555,analytics
19.0,New Orleans Hornets*,82,19755,0.457,12.8,,0.76,0.276,0.134,0.137,0.213,0.24,,0.487,0.613,0.451,0.387,0.41,0.364,,0.471,0.899,,0.056,325,,0.33,0.414,,9.0,0.0,2009,0.202,714.0,,0.516,0.484,0.4148409090909091,traditional
20.0,New York Knicks,82,19805,0.445,12.8,,0.678,0.349,0.091,0.084,0.154,0.322,,0.486,0.576,0.412,0.364,0.391,0.36,,0.447,0.843,,0.037,235,,0.239,0.382,,19.0,0.0,2009,0.299,1150.0,,0.671,0.32899999999999996,0.38991489361702136,analytics
21.0,Oklahoma City Thunder,82,19805,0.447,11.0,,0.859,0.338,0.134,0.138,0.248,0.141,,0.463,0.606,0.358,0.388,0.368,0.346,,0.515,0.878,,0.071,429,,0.217,0.345,,12.0,0.0,2009,0.25,885.0,,0.479,0.52,0.37073076923076925,traditional
22.0,Orlando Magic*,82,19730,0.457,13.6,,0.665,0.282,0.127,0.101,0.155,0.335,,0.495,0.623,0.405,0.424,0.381,0.381,,0.417,0.871,,0.054,327,,0.303,0.395,,11.0,0.0,2009,0.215,761.0,,0.617,0.383,0.4002976501305483,analytics
23.0,Philadelphia 76ers*,82,19755,0.459,10.8,,0.836,0.382,0.112,0.138,0.204,0.164,,0.486,0.598,0.385,0.397,0.394,0.318,,0.516,0.809,,0.074,458,,0.285,0.348,,15.0,1.0,2009,0.293,984.0,,0.546,0.45399999999999996,0.39269162995594714,mid
24.0,Phoenix Suns,82,19755,0.504,10.9,,0.784,0.363,0.164,0.1,0.158,0.216,,0.537,0.665,0.442,0.387,0.437,0.383,,0.52,0.796,,0.078,471,,0.297,0.394,,18.0,0.0,2009,0.271,1105.0,,0.579,0.42200000000000004,0.4270947867298578,analytics
25.0,Portland Trail Blazers*,82,19830,0.465,12.8,,0.761,0.294,0.126,0.109,0.231,0.239,,0.49,0.621,0.419,0.382,0.414,0.383,,0.467,0.901,,0.075,437,,0.395,0.402,,29.0,1.0,2009,0.198,693.0,,0.5329999999999999,0.46599999999999997,0.40786695278969964,mid
26.0,Sacramento Kings,82,19905,0.447,12.7,,0.762,0.29,0.141,0.103,0.229,0.238,,0.472,0.596,0.378,0.408,0.402,0.368,,0.481,0.79,,0.044,268,,0.269,0.421,,17.0,0.0,2009,0.227,840.0,,0.528,0.473,0.3961522198731501,mid
27.0,San Antonio Spurs*,82,19905,0.466,13.4,,0.752,0.253,0.14,0.109,0.25,0.248,,0.492,0.616,0.456,0.405,0.424,0.386,,0.489,0.885,,0.012,75,,0.376,0.394,,9.0,0.0,2009,0.234,914.0,,0.501,0.499,0.4288276553106213,traditional
28.0,Toronto Raptors,82,19805,0.458,13.1,,0.807,0.264,0.117,0.132,0.294,0.193,,0.478,0.601,0.42,0.375,0.438,0.372,,0.543,0.91,,0.054,318,,0.247,0.421,,16.0,0.0,2009,0.193,692.0,,0.457,0.5429999999999999,0.4188066298342542,traditional
29.0,Utah Jazz*,82,19880,0.475,11.2,,0.831,0.379,0.101,0.091,0.259,0.169,,0.5,0.614,0.371,0.422,0.412,0.349,,0.609,0.893,,0.068,412,,0.205,0.4,,9.0,0.0,2009,0.289,1057.0,,0.548,0.451,0.40483592017738357,analytics
30.0,Washington Wizards,82,19705,0.45,11.9,,0.82,0.317,0.154,0.107,0.242,0.18,,0.476,0.614,0.386,0.383,0.395,0.33,,0.506,0.825,,0.043,276,,0.192,0.326,,6.0,0.0,2009,0.261,969.0,,0.497,0.503,0.3896918489065606,traditional
,League Average,82,19826,0.459,12.4,,0.776,0.314,0.124,0.111,0.227,0.224,,0.485,0.602,0.412,0.395,0.407,0.367,,0.501,0.859,,0.051,312,,0.274,0.395,,14.8,0.3,2009,0.247,898.0,,0.538,0.46199999999999997,0.40545887445887446,mid
1.0,Atlanta Hawks*,82,19855,0.468,12.3,,0.786,0.296,0.167,0.087,0.237,0.214,,0.497,0.638,0.435,0.417,0.394,0.36,,0.51,0.828,,0.057,366,,0.388,0.36,,18.0,1.0,2010,0.219,855.0,,0.51,0.491,0.412020366598778,traditional
2.0,Boston Celtics*,82,19780,0.483,11.9,,0.772,0.339,0.139,0.107,0.188,0.228,,0.523,0.65,0.419,0.423,0.425,0.348,,0.585,0.89,,0.036,206,,0.214,0.339,,11.0,0.0,2010,0.299,1164.0,,0.5670000000000001,0.434,0.4225852534562212,analytics
3.0,Charlotte Bobcats*,82,19880,0.453,11.0,,0.789,0.408,0.098,0.08,0.203,0.211,,0.482,0.58,0.398,0.365,0.372,0.346,,0.526,0.861,,0.056,302,,0.286,0.378,,19.0,1.0,2010,0.333,1129.0,,0.619,0.381,0.3772178477690289,analytics
4.0,Chicago Bulls*,82,19905,0.451,11.9,,0.844,0.331,0.105,0.108,0.3,0.156,,0.474,0.575,0.432,0.418,0.398,0.33,,0.51,0.884,,0.049,302,,0.308,0.393,,9.0,0.0,2010,0.255,915.0,,0.487,0.513,0.40916959064327485,traditional
5.0,Cleveland Cavaliers*,82,19780,0.485,12.5,,0.752,0.339,0.119,0.08,0.214,0.248,,0.52,0.667,0.443,0.369,0.387,0.381,,0.551,0.762,,0.073,427,,0.329,0.412,,12.0,1.0,2010,0.248,966.0,,0.587,0.41300000000000003,0.39964891041162226,analytics
6.0,Dallas Mavericks*,82,19880,0.464,12.7,,0.778,0.282,0.127,0.142,0.229,0.222,,0.491,0.6,0.422,0.41,0.444,0.372,,0.556,0.864,,0.038,235,,0.221,0.399,,13.0,0.0,2010,0.224,853.0,,0.504,0.498,0.4286947791164659,traditional
7.0,Denver Nuggets*,82,19780,0.468,12.0,,0.773,0.351,0.11,0.094,0.218,0.227,,0.5,0.623,0.388,0.4,0.401,0.359,,0.503,0.772,,0.066,407,,0.214,0.4,,16.0,0.0,2010,0.265,998.0,,0.578,0.42200000000000004,0.39738862559241706,analytics
8.0,Detroit Pistons,82,19780,0.445,11.8,,0.82,0.319,0.125,0.145,0.23,0.18,,0.474,0.588,0.395,0.414,0.396,0.314,,0.49,0.89,,0.045,264,,0.322,0.334,,14.0,0.0,2010,0.251,894.0,,0.499,0.5,0.40097000000000005,traditional
9.0,Golden State Warriors,82,19730,0.469,13.3,,0.762,0.298,0.113,0.095,0.256,0.238,,0.499,0.651,0.367,0.393,0.419,0.375,,0.481,0.858,,0.039,262,,0.253,0.433,,20.0,0.0,2010,0.246,1063.0,,0.536,0.464,0.40101293103448277,mid
10.0,Houston Rockets,82,19905,0.447,12.0,,0.735,0.346,0.134,0.089,0.165,0.265,,0.481,0.572,0.427,0.382,0.388,0.351,,0.507,0.85,,0.031,196,,0.24,0.395,,15.0,0.0,2010,0.301,1125.0,,0.611,0.388,0.40009278350515465,analytics
11.0,Indiana Pacers,82,19705,0.443,13.4,,0.722,0.28,0.135,0.098,0.209,0.278,,0.479,0.599,0.425,0.403,0.39,0.348,,0.474,0.926,,0.034,216,,0.189,0.362,,11.0,0.0,2010,0.237,911.0,,0.558,0.442,0.40357239819004526,mid
12.0,Los Angeles Clippers,82,19705,0.455,12.0,,0.779,0.341,0.113,0.117,0.208,0.221,,0.49,0.602,0.458,0.362,0.394,0.332,,0.563,0.814,,0.046,281,,0.225,0.366,,19.0,0.0,2010,0.267,992.0,,0.562,0.438,0.4019634703196347,analytics
13.0,Los Angeles Lakers*,82,19830,0.457,12.1,,0.773,0.311,0.15,0.121,0.191,0.227,,0.492,0.597,0.436,0.426,0.406,0.341,,0.497,0.812,,0.054,344,,0.231,0.382,,18.0,1.0,2010,0.233,860.0,,0.538,0.462,0.42097835497835495,mid
14.0,Memphis Grizzlies,82,19905,0.469,10.5,,0.852,0.37,0.168,0.11,0.203,0.148,,0.492,0.605,0.432,0.383,0.395,0.337,,0.433,0.86,,0.048,301,,0.223,0.419,,25.0,2.0,2010,0.297,1145.0,,0.518,0.48100000000000004,0.40517879417879415,traditional
15.0,Miami Heat*,82,19880,0.458,13.0,,0.781,0.272,0.114,0.14,0.256,0.219,,0.489,0.641,0.445,0.393,0.399,0.346,,0.461,0.81,,0.061,363,,0.266,0.389,,12.0,0.0,2010,0.192,708.0,,0.491,0.51,0.4076352941176471,traditional
16.0,Milwaukee Bucks*,82,19980,0.436,13.0,,0.741,0.288,0.13,0.114,0.209,0.259,,0.464,0.56,0.411,0.375,0.413,0.356,,0.495,0.851,,0.029,184,,0.285,0.398,,9.0,1.0,2010,0.231,853.0,,0.5469999999999999,0.45299999999999996,0.4028631346578367,mid
17.0,Minnesota Timberwolves,82,19780,0.449,11.5,,0.829,0.308,0.166,0.146,0.21,0.171,,0.471,0.606,0.412,0.39,0.374,0.341,,0.475,0.846,,0.037,234,,0.224,0.358,,21.0,2.0,2010,0.25,977.0,,0.479,0.522,0.39055938697318004,traditional
18.0,New Jersey Nets,82,19780,0.429,11.4,,0.819,0.346,0.126,0.119,0.229,0.181,,0.454,0.568,0.379,0.365,0.368,0.318,,0.496,0.881,,0.054,316,,0.318,0.361,,14.0,3.0,2010,0.266,906.0,,0.5269999999999999,0.474,0.37017088607594933,mid
19.0,New Orleans Hornets,82,19830,0.464,12.3,,0.77,0.318,0.121,0.127,0.204,0.23,,0.495,0.606,0.432,0.4,0.418,0.363,,0.52,0.828,,0.031,188,,0.203,0.423,,10.0,0.0,2010,0.265,1059.0,,0.548,0.45199999999999996,0.41669026548672566,mid
20.0,New York Knicks,82,19880,0.455,13.4,,0.688,0.327,0.087,0.071,0.203,0.312,,0.504,0.614,0.399,0.414,0.403,0.346,,0.479,0.849,,0.036,233,,0.204,0.377,,13.0,1.0,2010,0.271,1070.0,,0.639,0.361,0.4041994459833795,analytics
21.0,Oklahoma City Thunder*,82,19805,0.462,11.5,,0.815,0.332,0.125,0.135,0.223,0.185,,0.49,0.612,0.43,0.406,0.393,0.34,,0.48,0.883,,0.064,389,,0.232,0.333,,7.0,0.0,2010,0.247,878.0,,0.517,0.483,0.4062091097308489,traditional
22.0,Orlando Magic*,82,19730,0.47,13.7,,0.65,0.301,0.123,0.082,0.144,0.35,,0.521,0.63,0.468,0.408,0.405,0.375,,0.421,0.837,,0.057,345,,0.282,0.421,,23.0,0.0,2010,0.224,818.0,,0.651,0.349,0.42790830945558744,analytics
23.0,Philadelphia 76ers,82,19805,0.46,12.1,,0.794,0.311,0.127,0.146,0.209,0.206,,0.491,0.615,0.427,0.387,0.416,0.343,,0.502,0.865,,0.061,392,,0.251,0.399,,22.0,1.0,2010,0.231,840.0,,0.517,0.482,0.4101141078838174,traditional
24.0,Phoenix Suns*,82,19730,0.492,12.5,,0.739,0.312,0.135,0.106,0.185,0.261,,0.52,0.637,0.462,0.44,0.409,0.412,,0.509,0.801,,0.064,380,,0.258,0.443,,13.0,1.0,2010,0.23,918.0,,0.573,0.426,0.43350938967136154,analytics
25.0,Portland Trail Blazers*,82,19855,0.461,12.9,,0.785,0.286,0.111,0.133,0.255,0.215,,0.49,0.625,0.425,0.408,0.41,0.354,,0.494,0.91,,0.044,263,,0.342,0.389,,27.0,0.0,2010,0.217,825.0,,0.501,0.499,0.4128036072144288,traditional
26.0,Sacramento Kings,82,19880,0.456,11.6,,0.799,0.327,0.159,0.094,0.22,0.201,,0.483,0.61,0.385,0.427,0.388,0.349,,0.471,0.882,,0.037,231,,0.251,0.418,,17.0,0.0,2010,0.265,1064.0,,0.528,0.473,0.3947420718816068,mid
27.0,San Antonio Spurs*,82,19780,0.473,12.2,,0.768,0.312,0.146,0.108,0.203,0.232,,0.508,0.649,0.431,0.388,0.408,0.358,,0.514,0.892,,0.032,198,,0.37,0.385,,11.0,0.0,2010,0.269,1105.0,,0.544,0.457,0.41062144420131286,mid
28.0,Toronto Raptors,82,19780,0.482,12.6,,0.789,0.308,0.133,0.111,0.238,0.211,,0.512,0.64,0.453,0.429,0.419,0.371,,0.51,0.842,,0.052,307,,0.215,0.443,,36.0,2.0,2010,0.238,946.0,,0.519,0.482,0.43068464730290457,mid
29.0,Utah Jazz*,82,19755,0.491,10.9,,0.816,0.383,0.121,0.092,0.22,0.184,,0.519,0.637,0.422,0.409,0.415,0.364,,0.652,0.841,,0.064,375,,0.205,0.453,,9.0,0.0,2010,0.297,1161.0,,0.567,0.433,0.4156812933025404,analytics
30.0,Washington Wizards,82,19830,0.449,12.6,,0.817,0.279,0.148,0.116,0.274,0.183,,0.471,0.619,0.359,0.403,0.408,0.353,,0.474,0.775,,0.043,277,,0.233,0.382,,14.0,0.0,2010,0.221,821.0,,0.462,0.538,0.39344237918215613,traditional
,League Average,82,19820,0.461,12.2,,0.778,0.32,0.129,0.11,0.218,0.222,,0.492,0.613,0.421,0.4,0.402,0.355,,0.505,0.847,,0.048,293,,0.258,0.392,,15.9,0.6,2010,0.253,961.0,,0.542,0.45699999999999996,0.4068818380743983,mid
1.0,Atlanta Hawks*,82,19730,0.462,13.5,,0.778,0.233,0.175,0.097,0.274,0.222,,0.494,0.649,0.434,0.39,0.436,0.352,,0.55,0.882,,0.045,263,,0.349,0.38,,13.0,1.0,2011,0.182,692.0,,0.455,0.546,0.4271868131868132,traditional
2.0,Boston Celtics*,82,19780,0.486,12.1,,0.82,0.313,0.14,0.113,0.254,0.18,,0.513,0.674,0.376,0.445,0.42,0.365,,0.597,0.882,,0.043,256,,0.26,0.467,,8.0,0.0,2011,0.265,1041.0,,0.493,0.507,0.41342209072978303,mid
3.0,Charlotte Bobcats,82,19805,0.451,12.0,,0.811,0.334,0.145,0.097,0.235,0.189,,0.48,0.61,0.354,0.395,0.41,0.327,,0.56,0.86,,0.045,242,,0.187,0.373,,18.0,0.0,2011,0.275,995.0,,0.523,0.477,0.3899266247379455,analytics
4.0,Chicago Bulls*,82,19830,0.462,12.5,,0.785,0.304,0.151,0.102,0.229,0.215,,0.489,0.638,0.389,0.404,0.397,0.361,,0.548,0.863,,0.052,314,,0.275,0.373,,17.0,0.0,2011,0.257,986.0,,0.519,0.482,0.3959751037344399,mid
5.0,Cleveland Cavaliers,82,19755,0.434,12.3,,0.776,0.296,0.179,0.097,0.203,0.224,,0.461,0.61,0.355,0.333,0.398,0.342,,0.542,0.847,,0.051,312,,0.234,0.37,,7.0,0.0,2011,0.239,874.0,,0.52,0.47900000000000004,0.368768267223382,analytics
6.0,Dallas Mavericks*,82,19705,0.475,13.6,,0.726,0.24,0.162,0.125,0.199,0.274,,0.516,0.684,0.407,0.423,0.461,0.365,,0.565,0.905,,0.053,321,,0.293,0.392,,18.0,1.0,2011,0.181,723.0,,0.514,0.48600000000000004,0.43322633744855965,mid
7.0,Denver Nuggets*,82,19705,0.476,12.3,,0.742,0.349,0.133,0.074,0.186,0.258,,0.506,0.633,0.371,0.378,0.414,0.388,,0.497,0.875,,0.059,355,,0.286,0.4,,17.0,1.0,2011,0.29,1122.0,,0.607,0.393,0.3926692111959287,analytics
8.0,Detroit Pistons,82,19880,0.46,12.0,,0.811,0.307,0.15,0.132,0.222,0.189,,0.479,0.634,0.376,0.376,0.396,0.376,,0.507,0.892,,0.043,246,,0.365,0.397,,18.0,1.0,2011,0.249,987.0,,0.496,0.504,0.3848095238095238,mid
9.0,Golden State Warriors,82,19830,0.461,13.0,,0.752,0.276,0.169,0.093,0.214,0.248,,0.484,0.656,0.37,0.349,0.412,0.392,,0.489,0.866,,0.048,317,,0.295,0.432,,19.0,1.0,2011,0.212,925.0,,0.524,0.476,0.3847794117647059,analytics
10.0,Houston Rockets,82,19880,0.454,12.9,,0.736,0.263,0.203,0.092,0.177,0.264,,0.486,0.644,0.394,0.405,0.398,0.367,,0.553,0.851,,0.026,165,,0.227,0.4,,15.0,0.0,2011,0.247,1063.0,,0.527,0.47200000000000003,0.3976440677966102,analytics
11.0,Indiana Pacers*,82,19780,0.442,13.2,,0.756,0.245,0.182,0.116,0.213,0.244,,0.471,0.627,0.402,0.397,0.391,0.354,,0.45,0.892,,0.047,288,,0.203,0.394,,11.0,0.0,2011,0.202,806.0,,0.489,0.511,0.396279843444227,mid
12.0,Los Angeles Clippers,82,19855,0.457,12.1,,0.77,0.307,0.199,0.081,0.183,0.23,,0.493,0.664,0.393,0.369,0.368,0.338,,0.548,0.864,,0.085,502,,0.254,0.319,,18.0,0.0,2011,0.227,883.0,,0.537,0.463,0.37892008639308855,analytics
13.0,Los Angeles Lakers*,82,19830,0.463,12.7,,0.78,0.256,0.206,0.118,0.199,0.22,,0.494,0.666,0.428,0.441,0.373,0.352,,0.527,0.819,,0.046,287,,0.286,0.411,,22.0,1.0,2011,0.206,878.0,,0.476,0.5229999999999999,0.41000573613766733,traditional
14.0,Memphis Grizzlies*,82,19880,0.471,10.8,,0.864,0.309,0.244,0.107,0.204,0.136,,0.492,0.66,0.407,0.398,0.388,0.334,,0.488,0.906,,0.042,265,,0.267,0.389,,25.0,0.0,2011,0.255,1071.0,,0.445,0.5549999999999999,0.3982810810810811,traditional
15.0,Miami Heat*,82,19780,0.481,13.7,,0.765,0.242,0.155,0.102,0.267,0.235,,0.515,0.695,0.458,0.403,0.428,0.37,,0.479,0.819,,0.053,308,,0.327,0.435,,11.0,1.0,2011,0.2,792.0,,0.477,0.524,0.43200763358778627,traditional
16.0,Milwaukee Bucks,82,19830,0.43,12.8,,0.784,0.268,0.165,0.123,0.227,0.216,,0.454,0.585,0.372,0.381,0.4,0.342,,0.48,0.882,,0.026,160,,0.299,0.395,,11.0,0.0,2011,0.22,797.0,,0.484,0.515,0.3864912621359224,traditional
17.0,Minnesota Timberwolves,82,19780,0.441,12.7,,0.777,0.241,0.233,0.099,0.204,0.223,,0.459,0.611,0.387,0.391,0.395,0.376,,0.476,0.779,,0.034,207,,0.204,0.458,,27.0,1.0,2011,0.195,780.0,,0.46399999999999997,0.536,0.39078358208955216,traditional
18.0,New Jersey Nets,82,20005,0.44,12.8,,0.799,0.236,0.213,0.123,0.227,0.201,,0.464,0.606,0.422,0.384,0.398,0.343,,0.55,0.808,,0.052,307,,0.272,0.353,,18.0,1.0,2011,0.189,677.0,,0.437,0.563,0.4040213143872114,traditional
19.0,New Orleans Hornets*,82,19830,0.459,12.8,,0.808,0.223,0.213,0.136,0.237,0.192,,0.482,0.657,0.401,0.402,0.436,0.36,,0.523,0.863,,0.036,210,,0.322,0.37,,13.0,2.0,2011,0.192,747.0,,0.41500000000000004,0.586,0.4153873720136519,traditional
20.0,New York Knicks*,82,19780,0.457,13.5,,0.697,0.265,0.166,0.086,0.179,0.303,,0.496,0.665,0.377,0.382,0.411,0.368,,0.475,0.821,,0.054,349,,0.27,0.424,,12.0,0.0,2011,0.206,860.0,,0.5680000000000001,0.431,0.3921183294663573,analytics
21.0,Oklahoma City Thunder*,82,20005,0.464,12.5,,0.788,0.284,0.159,0.126,0.218,0.212,,0.495,0.686,0.354,0.404,0.403,0.347,,0.488,0.848,,0.072,443,,0.187,0.354,,11.0,0.0,2011,0.208,825.0,,0.496,0.503,0.3877614314115308,mid
22.0,Orlando Magic*,82,19830,0.461,14.1,,0.672,0.253,0.158,0.096,0.164,0.328,,0.507,0.671,0.405,0.411,0.411,0.366,,0.454,0.835,,0.065,388,,0.243,0.367,,18.0,1.0,2011,0.181,692.0,,0.581,0.41800000000000004,0.4087320574162679,analytics
23.0,Philadelphia 76ers*,82,19930,0.461,12.4,,0.816,0.258,0.175,0.17,0.213,0.184,,0.485,0.672,0.379,0.412,0.405,0.355,,0.557,0.831,,0.051,323,,0.244,0.403,,15.0,0.0,2011,0.199,812.0,,0.442,0.5579999999999999,0.398978494623656,traditional
24.0,Phoenix Suns,82,20005,0.47,13.4,,0.729,0.253,0.167,0.116,0.193,0.271,,0.505,0.701,0.385,0.429,0.396,0.377,,0.531,0.869,,0.049,299,,0.263,0.41,,15.0,0.0,2011,0.195,887.0,,0.524,0.47600000000000003,0.4001827731092437,analytics
25.0,Portland Trail Blazers*,82,19805,0.447,12.6,,0.772,0.283,0.168,0.115,0.206,0.228,,0.477,0.645,0.387,0.378,0.376,0.345,,0.515,0.934,,0.046,270,,0.317,0.391,,23.0,0.0,2011,0.22,891.0,,0.511,0.489,0.38024948875255626,mid
26.0,Sacramento Kings,82,19855,0.449,12.0,,0.817,0.265,0.219,0.112,0.221,0.183,,0.475,0.68,0.36,0.401,0.38,0.335,,0.48,0.879,,0.047,299,,0.286,0.403,,24.0,1.0,2011,0.219,960.0,,0.448,0.552,0.3763260869565217,traditional
27.0,San Antonio Spurs*,82,19780,0.475,12.7,,0.739,0.264,0.201,0.106,0.167,0.261,,0.503,0.662,0.43,0.407,0.4,0.397,,0.507,0.858,,0.029,166,,0.367,0.421,,7.0,0.0,2011,0.234,988.0,,0.525,0.474,0.4142869198312236,analytics
28.0,Toronto Raptors,82,19780,0.465,11.8,,0.838,0.325,0.157,0.112,0.245,0.162,,0.494,0.627,0.414,0.439,0.394,0.316,,0.534,0.872,,0.053,325,,0.234,0.337,,12.0,0.0,2011,0.262,1012.0,,0.487,0.514,0.4099143968871595,mid
29.0,Utah Jazz,82,19880,0.465,12.1,,0.809,0.296,0.181,0.111,0.221,0.191,,0.493,0.652,0.398,0.396,0.406,0.346,,0.588,0.862,,0.055,330,,0.184,0.368,,16.0,1.0,2011,0.229,910.0,,0.487,0.513,0.40101364522417154,mid
30.0,Washington Wizards,82,19930,0.443,12.2,,0.828,0.281,0.171,0.129,0.247,0.172,,0.465,0.648,0.353,0.382,0.38,0.332,,0.468,0.89,,0.06,389,,0.292,0.348,,11.0,0.0,2011,0.212,827.0,,0.453,0.547,0.37203107861060325,traditional
,League Average,82,19836,0.459,12.6,,0.778,0.276,0.178,0.11,0.214,0.222,,0.487,0.65,0.392,0.398,0.403,0.358,,0.518,0.86,,0.049,297,,0.27,0.394,,15.7,0.5,2011,0.222,883.0,,0.498,0.502,0.39800398406374504,mid
1.0,Atlanta Hawks*,66,16165,0.454,13.2,,0.751,0.277,0.153,0.074,0.247,0.249,,0.482,0.63,0.43,0.397,0.373,0.37,,0.532,0.915,,0.048,233,,0.34,0.398,,8.0,1.0,2012,0.225,699.0,,0.526,0.474,0.39514556962025316,mid
2.0,Boston Celtics*,66,15940,0.46,12.9,,0.806,0.28,0.116,0.145,0.266,0.194,,0.483,0.637,0.333,0.418,0.42,0.367,,0.62,0.909,,0.049,223,,0.309,0.439,,4.0,0.0,2012,0.228,670.0,,0.47400000000000003,0.527,0.40029981024667927,traditional
3.0,Charlotte Bobcats,66,15890,0.414,12.8,,0.831,0.29,0.125,0.108,0.309,0.169,,0.439,0.592,0.322,0.377,0.363,0.295,,0.584,0.757,,0.049,229,,0.158,0.34,,12.0,0.0,2012,0.231,647.0,,0.45899999999999996,0.542,0.35633394833948334,traditional
4.0,Chicago Bulls*,66,15940,0.452,12.6,,0.795,0.297,0.142,0.116,0.241,0.205,,0.471,0.605,0.415,0.405,0.372,0.375,,0.581,0.807,,0.046,231,,0.261,0.375,,13.0,0.0,2012,0.235,717.0,,0.502,0.499,0.39190781563126253,mid
5.0,Cleveland Cavaliers,66,15965,0.422,11.7,,0.763,0.326,0.188,0.081,0.167,0.238,,0.446,0.599,0.322,0.326,0.343,0.346,,0.516,0.836,,0.044,211,,0.236,0.359,,6.0,0.0,2012,0.263,799.0,,0.5640000000000001,0.43600000000000005,0.33078669724770643,analytics
6.0,Dallas Mavericks*,66,16065,0.443,13.4,,0.729,0.24,0.167,0.148,0.175,0.271,,0.482,0.658,0.355,0.409,0.422,0.339,,0.509,0.829,,0.051,248,,0.228,0.35,,10.0,0.0,2012,0.174,568.0,,0.511,0.49,0.39523877551020403,mid
7.0,Denver Nuggets*,66,16040,0.476,11.0,,0.757,0.404,0.151,0.077,0.125,0.243,,0.522,0.645,0.372,0.392,0.386,0.332,,0.553,0.92,,0.078,386,,0.313,0.361,,22.0,1.0,2012,0.315,993.0,,0.647,0.353,0.3813201133144476,analytics
8.0,Detroit Pistons,66,15965,0.438,11.4,,0.825,0.329,0.172,0.107,0.216,0.175,,0.457,0.589,0.36,0.375,0.376,0.346,,0.488,0.849,,0.035,145,,0.239,0.356,,14.0,0.0,2012,0.268,782.0,,0.504,0.495,0.37022424242424246,mid
9.0,Golden State Warriors,66,15915,0.457,13.4,,0.752,0.259,0.166,0.091,0.236,0.248,,0.48,0.647,0.343,0.428,0.413,0.388,,0.516,0.87,,0.049,241,,0.274,0.457,,13.0,1.0,2012,0.198,639.0,,0.507,0.493,0.3921987829614604,mid
10.0,Houston Rockets,66,16065,0.449,12.7,,0.76,0.25,0.202,0.12,0.189,0.24,,0.477,0.655,0.374,0.398,0.403,0.359,,0.504,0.816,,0.036,173,,0.287,0.435,,9.0,0.0,2012,0.221,762.0,,0.49,0.511,0.3903620352250489,traditional
11.0,Indiana Pacers*,66,15990,0.438,11.9,,0.802,0.269,0.219,0.127,0.187,0.198,,0.455,0.584,0.404,0.382,0.379,0.368,,0.455,0.855,,0.038,178,,0.277,0.363,,12.0,1.0,2012,0.227,674.0,,0.467,0.5329999999999999,0.38998686679174493,traditional
12.0,Los Angeles Clippers*,66,15965,0.455,13.7,,0.731,0.256,0.159,0.083,0.234,0.269,,0.49,0.663,0.408,0.403,0.389,0.357,,0.5,0.823,,0.088,407,,0.288,0.357,,10.0,0.0,2012,0.173,551.0,,0.525,0.476,0.3977878151260505,mid
13.0,Los Angeles Lakers*,66,16065,0.457,12.5,,0.791,0.258,0.212,0.117,0.205,0.209,,0.491,0.671,0.4,0.397,0.414,0.326,,0.575,0.82,,0.062,307,,0.283,0.346,,9.0,1.0,2012,0.181,595.0,,0.46699999999999997,0.534,0.4047172284644195,traditional
14.0,Memphis Grizzlies*,66,15940,0.447,11.7,,0.843,0.298,0.192,0.134,0.219,0.157,,0.47,0.628,0.386,0.384,0.381,0.326,,0.491,0.852,,0.049,231,,0.226,0.37,,20.0,1.0,2012,0.23,739.0,,0.45499999999999996,0.545,0.3834990825688073,traditional
15.0,Miami Heat*,66,16040,0.469,12.1,,0.802,0.309,0.157,0.119,0.218,0.198,,0.496,0.65,0.397,0.442,0.381,0.359,,0.485,0.841,,0.066,310,,0.33,0.365,,5.0,1.0,2012,0.234,714.0,,0.507,0.494,0.4007793522267207,mid
16.0,Milwaukee Bucks,66,15865,0.443,12.4,,0.776,0.308,0.146,0.12,0.202,0.224,,0.471,0.61,0.354,0.393,0.39,0.345,,0.578,0.817,,0.03,154,,0.242,0.366,,8.0,0.0,2012,0.256,857.0,,0.532,0.468,0.37953846153846155,mid
17.0,Minnesota Timberwolves,66,15940,0.433,12.7,,0.738,0.31,0.157,0.086,0.186,0.262,,0.469,0.62,0.342,0.335,0.388,0.332,,0.474,0.841,,0.041,206,,0.256,0.36,,9.0,0.0,2012,0.244,765.0,,0.5720000000000001,0.429,0.3605407925407926,analytics
18.0,New Jersey Nets,66,15890,0.425,13.8,,0.722,0.255,0.134,0.126,0.207,0.278,,0.457,0.57,0.414,0.396,0.384,0.342,,0.519,0.789,,0.042,194,,0.267,0.347,,8.0,1.0,2012,0.205,576.0,,0.533,0.46699999999999997,0.3958458244111349,analytics
19.0,New Orleans Hornets,66,15940,0.451,11.8,,0.848,0.267,0.207,0.149,0.225,0.152,,0.472,0.625,0.39,0.408,0.407,0.333,,0.564,0.834,,0.039,190,,0.266,0.372,,4.0,0.0,2012,0.23,670.0,,0.41900000000000004,0.581,0.4011996557659208,traditional
20.0,New York Knicks*,66,15940,0.443,13.0,,0.712,0.316,0.13,0.085,0.181,0.288,,0.487,0.648,0.317,0.371,0.381,0.336,,0.477,0.865,,0.075,364,,0.245,0.35,,12.0,0.0,2012,0.231,712.0,,0.604,0.396,0.3578434343434343,analytics
21.0,Oklahoma City Thunder*,66,15990,0.471,12.6,,0.748,0.294,0.148,0.13,0.175,0.252,,0.509,0.671,0.378,0.389,0.436,0.358,,0.419,0.828,,0.078,377,,0.183,0.411,,9.0,0.0,2012,0.204,620.0,,0.546,0.453,0.4035629139072847,analytics
22.0,Orlando Magic*,66,15965,0.441,13.9,,0.654,0.286,0.153,0.063,0.152,0.346,,0.475,0.636,0.371,0.33,0.338,0.375,,0.474,0.836,,0.05,232,,0.216,0.42,,8.0,0.0,2012,0.224,682.0,,0.6319999999999999,0.368,0.35035054347826095,analytics
23.0,Philadelphia 76ers*,66,15915,0.448,12.5,,0.825,0.232,0.182,0.187,0.225,0.175,,0.466,0.642,0.395,0.405,0.393,0.362,,0.553,0.799,,0.043,219,,0.208,0.325,,5.0,0.0,2012,0.177,570.0,,0.40700000000000003,0.594,0.3973905723905724,traditional
24.0,Phoenix Suns,66,15840,0.458,13.3,,0.762,0.253,0.165,0.118,0.226,0.238,,0.494,0.678,0.388,0.384,0.424,0.343,,0.549,0.811,,0.037,191,,0.238,0.354,,11.0,0.0,2012,0.204,731.0,,0.491,0.509,0.40305697445972494,traditional
25.0,Portland Trail Blazers,66,15965,0.443,13.0,,0.745,0.294,0.139,0.097,0.216,0.255,,0.477,0.606,0.391,0.37,0.404,0.346,,0.483,0.879,,0.035,175,,0.306,0.397,,15.0,0.0,2012,0.242,743.0,,0.5489999999999999,0.452,0.3927057522123894,analytics
26.0,Sacramento Kings,66,15915,0.436,11.8,,0.772,0.306,0.219,0.076,0.172,0.228,,0.471,0.64,0.362,0.353,0.362,0.316,,0.456,0.783,,0.043,219,,0.268,0.341,,12.0,1.0,2012,0.266,923.0,,0.534,0.46699999999999997,0.3605353319057816,analytics
27.0,San Antonio Spurs*,66,15940,0.478,12.4,,0.743,0.278,0.203,0.099,0.164,0.257,,0.507,0.677,0.395,0.429,0.407,0.393,,0.508,0.873,,0.027,129,,0.315,0.415,,6.0,0.0,2012,0.252,890.0,,0.535,0.4660000000000001,0.40644635193133044,analytics
28.0,Toronto Raptors,66,15965,0.44,13.1,,0.791,0.271,0.151,0.106,0.263,0.209,,0.467,0.633,0.402,0.383,0.366,0.34,,0.562,0.858,,0.048,218,,0.241,0.34,,12.0,0.0,2012,0.212,630.0,,0.48,0.52,0.3799192307692308,traditional
29.0,Utah Jazz*,66,16165,0.456,11.2,,0.847,0.287,0.238,0.118,0.204,0.153,,0.48,0.672,0.42,0.333,0.365,0.323,,0.529,0.908,,0.064,319,,0.198,0.329,,12.0,0.0,2012,0.219,743.0,,0.43999999999999995,0.5599999999999999,0.38163214285714286,traditional
30.0,Washington Wizards,66,15865,0.441,12.2,,0.804,0.299,0.167,0.109,0.227,0.196,,0.47,0.661,0.339,0.347,0.376,0.32,,0.467,0.858,,0.072,384,,0.294,0.389,,6.0,1.0,2012,0.217,667.0,,0.495,0.503,0.3574314115308151,mid
,League Average,66,15966,0.448,12.5,,0.774,0.287,0.169,0.11,0.208,0.226,,0.477,0.634,0.378,0.388,0.388,0.349,,0.518,0.843,,0.05,244,,0.261,0.376,,10.1,0.3,2012,0.226,711.0,,0.513,0.487,0.3845297741273101,mid
1.0,Atlanta Hawks*,82,19855,0.464,13.4,,0.714,0.281,0.152,0.073,0.208,0.286,,0.501,0.678,0.382,0.387,0.389,0.371,,0.585,0.874,,0.052,323,,0.264,0.426,,12.0,0.0,2013,0.222,924.0,,0.567,0.43299999999999994,0.3862055427251733,analytics
2.0,Boston Celtics*,81,19840,0.465,12.9,,0.785,0.287,0.13,0.128,0.239,0.215,,0.494,0.623,0.357,0.446,0.439,0.358,,0.555,0.914,,0.043,258,,0.339,0.399,,22.0,0.0,2013,0.237,880.0,,0.502,0.497,0.419354124748491,traditional
3.0,Brooklyn Nets*,82,19855,0.45,12.6,,0.731,0.272,0.203,0.102,0.154,0.269,,0.484,0.623,0.405,0.397,0.4,0.357,,0.484,0.871,,0.041,249,,0.349,0.395,,12.0,0.0,2013,0.231,873.0,,0.541,0.45899999999999996,0.40154466230936825,mid
4.0,Charlotte Bobcats,82,19805,0.425,12.2,,0.79,0.319,0.147,0.111,0.212,0.21,,0.448,0.577,0.323,0.373,0.38,0.335,,0.507,0.838,,0.051,298,,0.208,0.402,,15.0,0.0,2013,0.26,904.0,,0.529,0.47,0.3605191489361702,mid
5.0,Chicago Bulls*,82,19830,0.437,12.2,,0.811,0.306,0.139,0.14,0.226,0.189,,0.456,0.615,0.333,0.376,0.367,0.353,,0.61,0.839,,0.039,240,,0.229,0.359,,11.0,0.0,2013,0.247,967.0,,0.495,0.505,0.36013663366336635,traditional
6.0,Cleveland Cavaliers,82,19730,0.434,12.4,,0.771,0.294,0.174,0.116,0.188,0.229,,0.46,0.584,0.352,0.385,0.411,0.346,,0.509,0.821,,0.057,338,,0.211,0.338,,12.0,1.0,2013,0.222,804.0,,0.523,0.478,0.38321338912133895,mid
7.0,Dallas Mavericks,82,19980,0.462,13.0,,0.764,0.242,0.179,0.16,0.182,0.236,,0.489,0.627,0.432,0.412,0.431,0.372,,0.538,0.86,,0.031,196,,0.232,0.363,,18.0,0.0,2013,0.198,813.0,,0.478,0.5209999999999999,0.4255086372360845,traditional
8.0,Denver Nuggets*,82,19905,0.478,10.4,,0.783,0.415,0.172,0.08,0.115,0.217,,0.516,0.655,0.368,0.347,0.352,0.343,,0.551,0.862,,0.1,642,,0.345,0.351,,21.0,0.0,2013,0.3,1200.0,,0.632,0.367,0.358408719346049,analytics
9.0,Detroit Pistons,82,19805,0.449,11.1,,0.783,0.37,0.172,0.072,0.169,0.217,,0.474,0.609,0.347,0.34,0.366,0.356,,0.514,0.926,,0.054,320,,0.267,0.356,,16.0,0.0,2013,0.301,1125.0,,0.587,0.41300000000000003,0.3535544794188861,analytics
10.0,Golden State Warriors*,82,19805,0.458,13.5,,0.761,0.242,0.173,0.118,0.229,0.239,,0.475,0.65,0.361,0.391,0.418,0.403,,0.542,0.769,,0.045,284,,0.226,0.461,,21.0,1.0,2013,0.188,767.0,,0.481,0.52,0.3929096153846154,traditional
11.0,Houston Rockets*,82,19780,0.461,12.8,,0.651,0.341,0.156,0.048,0.106,0.349,,0.511,0.653,0.35,0.338,0.372,0.366,,0.52,0.841,,0.066,415,,0.29,0.392,,11.0,2.0,2013,0.28,1091.0,,0.69,0.31,0.3556645161290322,analytics
12.0,Indiana Pacers*,81,19590,0.436,12.7,,0.755,0.271,0.19,0.116,0.178,0.245,,0.465,0.612,0.399,0.375,0.371,0.347,,0.513,0.847,,0.048,283,,0.251,0.364,,23.0,0.0,2013,0.203,742.0,,0.516,0.484,0.38295041322314055,mid
13.0,Los Angeles Clippers*,82,19730,0.478,13.0,,0.735,0.281,0.17,0.089,0.195,0.265,,0.522,0.677,0.46,0.432,0.392,0.358,,0.556,0.877,,0.092,557,,0.334,0.381,,9.0,0.0,2013,0.194,760.0,,0.546,0.454,0.42530396475770926,mid
14.0,Los Angeles Lakers*,82,19755,0.458,13.3,,0.697,0.281,0.17,0.089,0.158,0.303,,0.503,0.649,0.396,0.424,0.402,0.355,,0.518,0.859,,0.057,356,,0.257,0.375,,19.0,0.0,2013,0.217,853.0,,0.5840000000000001,0.41700000000000004,0.40424940047961627,analytics
15.0,Memphis Grizzlies*,82,19805,0.444,11.5,,0.834,0.304,0.196,0.125,0.21,0.166,,0.463,0.583,0.383,0.405,0.4,0.345,,0.533,0.885,,0.044,255,,0.287,0.396,,12.0,0.0,2013,0.238,858.0,,0.47,0.531,0.39490207156308854,traditional
16.0,Miami Heat*,82,19880,0.496,13.2,,0.715,0.297,0.127,0.099,0.192,0.285,,0.536,0.704,0.401,0.387,0.441,0.396,,0.522,0.866,,0.066,392,,0.384,0.433,,6.0,0.0,2013,0.223,910.0,,0.582,0.41800000000000004,0.41605741626794257,analytics
17.0,Milwaukee Bucks*,82,19830,0.435,12.2,,0.768,0.32,0.143,0.122,0.183,0.232,,0.457,0.589,0.331,0.391,0.369,0.36,,0.548,0.817,,0.04,269,,0.234,0.384,,9.0,0.0,2013,0.252,985.0,,0.552,0.448,0.36286160714285715,analytics
18.0,Minnesota Timberwolves,82,19730,0.439,12.3,,0.78,0.331,0.139,0.083,0.227,0.22,,0.477,0.613,0.328,0.415,0.393,0.305,,0.592,0.798,,0.051,313,,0.226,0.345,,10.0,0.0,2013,0.263,978.0,,0.551,0.44900000000000007,0.37694432071269485,mid
19.0,New Orleans Hornets,82,19780,0.448,12.1,,0.776,0.298,0.208,0.095,0.175,0.224,,0.473,0.614,0.379,0.371,0.402,0.363,,0.521,0.858,,0.056,329,,0.176,0.382,,16.0,0.0,2013,0.229,816.0,,0.522,0.478,0.38583054393305444,mid
20.0,New York Knicks*,82,19730,0.448,14.6,,0.646,0.28,0.096,0.083,0.188,0.354,,0.487,0.613,0.372,0.38,0.407,0.376,,0.398,0.833,,0.049,302,,0.236,0.377,,30.0,2.0,2013,0.218,796.0,,0.634,0.367,0.3917384196185286,analytics
21.0,Oklahoma City Thunder*,82,19830,0.481,12.6,,0.756,0.294,0.146,0.13,0.186,0.244,,0.514,0.677,0.389,0.437,0.409,0.377,,0.492,0.851,,0.071,418,,0.252,0.44,,13.0,1.0,2013,0.207,812.0,,0.538,0.462,0.4105584415584415,mid
22.0,Orlando Magic,82,19780,0.448,12.6,,0.777,0.289,0.166,0.116,0.206,0.223,,0.482,0.622,0.425,0.394,0.382,0.329,,0.563,0.82,,0.04,246,,0.228,0.371,,6.0,0.0,2013,0.226,931.0,,0.512,0.488,0.39947950819672134,traditional
23.0,Philadelphia 76ers,82,19755,0.444,12.7,,0.791,0.263,0.153,0.147,0.228,0.209,,0.466,0.62,0.381,0.409,0.381,0.36,,0.56,0.855,,0.036,236,,0.3,0.381,,11.0,0.0,2013,0.204,792.0,,0.472,0.528,0.3887954545454545,traditional
24.0,Phoenix Suns,82,19805,0.443,12.7,,0.79,0.281,0.158,0.113,0.237,0.21,,0.473,0.646,0.345,0.38,0.396,0.33,,0.564,0.831,,0.036,226,,0.276,0.366,,12.0,0.0,2013,0.234,1001.0,,0.491,0.508,0.37657874015748033,traditional
25.0,Portland Trail Blazers,82,19855,0.448,13.6,,0.716,0.284,0.126,0.095,0.211,0.284,,0.486,0.62,0.381,0.426,0.394,0.353,,0.529,0.816,,0.059,359,,0.239,0.397,,13.0,0.0,2013,0.212,779.0,,0.568,0.432,0.39724537037037033,analytics
26.0,Sacramento Kings,82,19830,0.447,12.2,,0.757,0.291,0.211,0.082,0.172,0.243,,0.474,0.63,0.392,0.385,0.354,0.363,,0.491,0.807,,0.04,247,,0.265,0.384,,15.0,1.0,2013,0.252,1044.0,,0.534,0.46499999999999997,0.37670967741935485,mid
27.0,San Antonio Spurs*,82,19880,0.481,12.5,,0.736,0.298,0.178,0.096,0.163,0.264,,0.519,0.663,0.411,0.433,0.423,0.376,,0.572,0.905,,0.034,207,,0.35,0.412,,12.0,0.0,2013,0.269,1127.0,,0.562,0.43700000000000006,0.42030892448512575,analytics
28.0,Toronto Raptors,82,19980,0.446,13.5,,0.751,0.239,0.169,0.123,0.22,0.249,,0.48,0.655,0.427,0.404,0.372,0.343,,0.541,0.809,,0.057,353,,0.21,0.355,,9.0,0.0,2013,0.18,679.0,,0.488,0.512,0.39784179687500004,traditional
29.0,Utah Jazz,82,19880,0.454,12.5,,0.794,0.274,0.192,0.105,0.224,0.206,,0.477,0.662,0.377,0.375,0.383,0.366,,0.554,0.893,,0.052,318,,0.219,0.378,,16.0,0.0,2013,0.21,851.0,,0.48,0.521,0.37917658349328215,traditional
30.0,Washington Wizards,82,19855,0.435,13.1,,0.777,0.238,0.177,0.145,0.216,0.223,,0.455,0.623,0.393,0.371,0.377,0.365,,0.543,0.901,,0.047,296,,0.33,0.457,,8.0,0.0,2013,0.188,675.0,,0.46099999999999997,0.5379999999999999,0.38064684014869893,traditional
,League Average,82,19817,0.453,12.6,,0.757,0.293,0.164,0.107,0.193,0.243,,0.483,0.631,0.381,0.395,0.393,0.359,,0.535,0.851,,0.052,318,,0.268,0.39,,14.0,0.3,2013,0.23,891.0,,0.536,0.464,0.3892198275862069,mid
1.0,Atlanta Hawks*,82,19830,0.458,13.4,,0.684,0.263,0.174,0.102,0.145,0.316,,0.502,0.643,0.409,0.419,0.413,0.363,,0.598,0.87,,0.026,154,,0.268,0.386,,13.0,1.0,2014,0.242,989.0,,0.579,0.42099999999999993,0.41280047505938244,analytics
2.0,Boston Celtics,82,19730,0.435,13.3,,0.749,0.273,0.148,0.109,0.219,0.251,,0.47,0.608,0.348,0.424,0.402,0.333,,0.51,0.852,,0.039,239,,0.242,0.39,,15.0,0.0,2014,0.217,835.0,,0.524,0.476,0.3902478991596639,traditional
3.0,Brooklyn Nets*,82,19880,0.459,13.6,,0.699,0.256,0.171,0.112,0.16,0.301,,0.497,0.642,0.413,0.427,0.405,0.369,,0.491,0.88,,0.052,309,,0.243,0.391,,20.0,0.0,2014,0.202,743.0,,0.5569999999999999,0.44300000000000006,0.4136501128668171,analytics
4.0,Charlotte Bobcats*,82,19905,0.442,12.6,,0.781,0.29,0.151,0.122,0.218,0.219,,0.468,0.607,0.414,0.409,0.352,0.351,,0.539,0.874,,0.04,253,,0.209,0.371,,17.0,0.0,2014,0.245,910.0,,0.509,0.491,0.3852301425661914,traditional
5.0,Chicago Bulls*,82,19930,0.432,12.7,,0.778,0.297,0.148,0.112,0.222,0.222,,0.456,0.597,0.334,0.373,0.392,0.348,,0.611,0.854,,0.035,210,,0.22,0.383,,20.0,3.0,2014,0.254,915.0,,0.519,0.482,0.36977593360995853,traditional
6.0,Cleveland Cavaliers,82,19930,0.437,12.8,,0.764,0.269,0.17,0.128,0.197,0.236,,0.461,0.583,0.388,0.394,0.402,0.356,,0.513,0.82,,0.045,278,,0.252,0.373,,19.0,0.0,2014,0.212,791.0,,0.505,0.49500000000000005,0.3951232323232324,traditional
7.0,Dallas Mavericks*,82,19830,0.474,13.2,,0.726,0.262,0.156,0.135,0.173,0.274,,0.508,0.655,0.418,0.426,0.428,0.384,,0.52,0.861,,0.047,308,,0.199,0.412,,15.0,0.0,2014,0.206,856.0,,0.536,0.464,0.4240560344827586,mid
8.0,Denver Nuggets,82,19755,0.447,12.5,,0.722,0.309,0.182,0.08,0.15,0.278,,0.481,0.634,0.373,0.351,0.366,0.358,,0.518,0.813,,0.066,425,,0.24,0.416,,20.0,0.0,2014,0.233,933.0,,0.587,0.41200000000000003,0.3661796116504854,analytics
9.0,Detroit Pistons,82,19780,0.447,11.1,,0.778,0.356,0.197,0.068,0.157,0.222,,0.483,0.64,0.344,0.369,0.348,0.321,,0.493,0.779,,0.052,342,,0.251,0.396,,24.0,0.0,2014,0.284,1204.0,,0.578,0.42200000000000004,0.34951658767772503,analytics
10.0,Golden State Warriors*,82,19830,0.462,13.4,,0.709,0.264,0.176,0.1,0.169,0.291,,0.496,0.654,0.394,0.396,0.412,0.38,,0.54,0.753,,0.055,363,,0.24,0.413,,21.0,0.0,2014,0.188,777.0,,0.5549999999999999,0.44500000000000006,0.40128539325842694,mid
11.0,Houston Rockets*,82,19830,0.472,11.9,,0.67,0.341,0.214,0.049,0.065,0.33,,0.529,0.663,0.405,0.391,0.343,0.358,,0.472,0.834,,0.078,481,,0.23,0.389,,11.0,1.0,2014,0.276,1046.0,,0.671,0.328,0.3906219512195122,analytics
12.0,Indiana Pacers*,82,19780,0.449,13.0,,0.765,0.249,0.188,0.124,0.205,0.235,,0.477,0.611,0.418,0.382,0.425,0.357,,0.498,0.831,,0.03,180,,0.246,0.406,,14.0,0.0,2014,0.218,831.0,,0.484,0.517,0.41214119922630565,traditional
13.0,Los Angeles Clippers*,82,19755,0.474,13.8,,0.709,0.267,0.137,0.097,0.208,0.291,,0.525,0.707,0.408,0.422,0.415,0.352,,0.568,0.847,,0.081,496,,0.286,0.401,,11.0,1.0,2014,0.188,817.0,,0.558,0.442,0.41436651583710404,analytics
14.0,Los Angeles Lakers,82,19705,0.45,13.5,,0.709,0.247,0.177,0.116,0.169,0.291,,0.478,0.64,0.407,0.392,0.375,0.381,,0.569,0.854,,0.045,283,,0.239,0.405,,6.0,0.0,2014,0.202,843.0,,0.538,0.46199999999999997,0.39152813852813856,mid
15.0,Memphis Grizzlies*,82,19805,0.464,11.3,,0.829,0.301,0.223,0.115,0.191,0.171,,0.487,0.631,0.411,0.42,0.39,0.353,,0.526,0.894,,0.036,222,,0.28,0.368,,17.0,1.0,2014,0.245,990.0,,0.472,0.529,0.40537429111531187,traditional
16.0,Miami Heat*,82,19880,0.501,12.8,,0.708,0.33,0.127,0.084,0.168,0.292,,0.558,0.697,0.467,0.433,0.413,0.364,,0.509,0.88,,0.064,383,,0.372,0.429,,5.0,1.0,2014,0.255,1018.0,,0.622,0.379,0.43552770448548817,analytics
17.0,Milwaukee Bucks,82,19880,0.438,12.1,,0.769,0.314,0.168,0.106,0.182,0.231,,0.464,0.584,0.365,0.389,0.392,0.353,,0.547,0.812,,0.038,232,,0.182,0.375,,5.0,0.0,2014,0.25,924.0,,0.545,0.456,0.3813552631578947,mid
18.0,Minnesota Timberwolves,82,19855,0.444,12.1,,0.755,0.334,0.157,0.091,0.174,0.245,,0.478,0.619,0.386,0.348,0.358,0.341,,0.564,0.838,,0.042,278,,0.224,0.332,,14.0,1.0,2014,0.277,1140.0,,0.579,0.422,0.36626066350710895,analytics
19.0,New Orleans Pelicans,82,19855,0.459,11.5,,0.807,0.332,0.183,0.107,0.184,0.193,,0.479,0.598,0.37,0.419,0.409,0.373,,0.506,0.866,,0.05,305,,0.231,0.382,,20.0,0.0,2014,0.276,1027.0,,0.525,0.474,0.39620042194092825,mid
20.0,New York Knicks,82,19855,0.449,14.4,,0.698,0.252,0.112,0.111,0.222,0.302,,0.482,0.628,0.355,0.412,0.417,0.372,,0.45,0.818,,0.055,342,,0.207,0.394,,21.0,0.0,2014,0.185,688.0,,0.554,0.445,0.40014831460674155,mid
21.0,Oklahoma City Thunder*,82,19805,0.471,13.0,,0.729,0.282,0.149,0.131,0.167,0.271,,0.512,0.668,0.391,0.434,0.418,0.361,,0.521,0.715,,0.071,445,,0.239,0.353,,17.0,0.0,2014,0.193,767.0,,0.5529999999999999,0.44700000000000006,0.41368903803131984,mid
22.0,Orlando Magic,82,19955,0.445,13.1,,0.765,0.277,0.152,0.103,0.232,0.235,,0.474,0.601,0.385,0.434,0.399,0.353,,0.523,0.783,,0.036,230,,0.284,0.359,,14.0,0.0,2014,0.224,844.0,,0.512,0.487,0.4020328542094456,traditional
23.0,Philadelphia 76ers,82,19855,0.435,11.4,,0.742,0.353,0.19,0.087,0.111,0.258,,0.477,0.601,0.356,0.374,0.373,0.312,,0.507,0.879,,0.043,282,,0.193,0.331,,13.0,3.0,2014,0.297,1192.0,,0.611,0.388,0.3648994845360824,analytics
24.0,Phoenix Suns,82,19755,0.463,13.1,,0.7,0.29,0.149,0.118,0.143,0.3,,0.503,0.648,0.374,0.43,0.403,0.372,,0.388,0.824,,0.05,305,,0.273,0.404,,16.0,0.0,2014,0.226,935.0,,0.59,0.41000000000000003,0.40023170731707314,analytics
25.0,Portland Trail Blazers*,82,19855,0.45,13.9,,0.71,0.258,0.133,0.11,0.208,0.29,,0.481,0.628,0.368,0.387,0.422,0.372,,0.523,0.816,,0.041,269,,0.252,0.39,,10.0,0.0,2014,0.199,825.0,,0.548,0.45099999999999996,0.3975388026607539,mid
26.0,Sacramento Kings,82,19830,0.447,12.3,,0.782,0.249,0.239,0.106,0.188,0.218,,0.479,0.665,0.391,0.412,0.382,0.333,,0.463,0.76,,0.056,338,,0.205,0.374,,8.0,1.0,2014,0.205,845.0,,0.46699999999999997,0.5329999999999999,0.3920018761726079,traditional
27.0,San Antonio Spurs*,82,19755,0.486,12.6,,0.743,0.287,0.185,0.09,0.181,0.257,,0.517,0.673,0.437,0.389,0.413,0.397,,0.554,0.872,,0.033,204,,0.299,0.41,,11.0,0.0,2014,0.252,1114.0,,0.544,0.456,0.418,mid
28.0,Toronto Raptors*,82,19955,0.445,13.6,,0.715,0.226,0.206,0.103,0.181,0.285,,0.475,0.642,0.417,0.402,0.372,0.372,,0.501,0.835,,0.043,260,,0.259,0.388,,12.0,2.0,2014,0.177,692.0,,0.511,0.49,0.39722448979591835,traditional
29.0,Utah Jazz,82,19780,0.444,12.7,,0.763,0.281,0.177,0.106,0.199,0.237,,0.474,0.653,0.367,0.374,0.372,0.344,,0.486,0.91,,0.052,314,,0.244,0.393,,21.0,0.0,2014,0.211,844.0,,0.518,0.482,0.370603734439834,traditional
30.0,Washington Wizards*,82,20055,0.459,13.2,,0.754,0.273,0.143,0.116,0.221,0.246,,0.485,0.676,0.374,0.366,0.384,0.38,,0.525,0.895,,0.046,305,,0.306,0.401,,14.0,1.0,2014,0.218,924.0,,0.519,0.48,0.3766708333333334,traditional
,League Average,82,19841,0.454,12.8,,0.741,0.286,0.169,0.105,0.18,0.259,,0.488,0.636,0.39,0.401,0.395,0.36,,0.518,0.837,,0.048,301,,0.248,0.39,,14.8,0.5,2014,0.229,909.0,,0.5449999999999999,0.454,0.39452643171806173,mid
1.0,Atlanta Hawks*,82,19730,0.466,12.7,,0.679,0.291,0.157,0.08,0.151,0.321,,0.506,0.635,0.393,0.386,0.441,0.38,,0.591,0.918,,0.038,225,,0.275,0.421,,3.0,0.0,2015,0.249,1000.0,,0.612,0.388,0.41023711340206187,analytics
2.0,Boston Celtics*,82,19880,0.443,12.8,,0.72,0.28,0.144,0.103,0.193,0.28,,0.488,0.621,0.384,0.407,0.416,0.327,,0.565,0.877,,0.041,267,,0.204,0.374,,16.0,0.0,2015,0.228,958.0,,0.56,0.44,0.40342045454545455,mid
3.0,Brooklyn Nets*,82,19930,0.451,11.9,,0.76,0.269,0.213,0.115,0.163,0.24,,0.489,0.615,0.444,0.408,0.397,0.331,,0.488,0.887,,0.04,243,,0.285,0.389,,24.0,0.0,2015,0.218,860.0,,0.509,0.491,0.41996537678207746,traditional
4.0,Chicago Bulls*,82,19880,0.442,12.2,,0.731,0.312,0.156,0.1,0.163,0.269,,0.474,0.586,0.392,0.372,0.401,0.353,,0.525,0.842,,0.038,237,,0.218,0.388,,18.0,2.0,2015,0.261,950.0,,0.581,0.41900000000000004,0.39072792362768494,mid
5.0,Charlotte Hornets,82,19905,0.42,12.8,,0.774,0.263,0.153,0.124,0.234,0.226,,0.45,0.572,0.382,0.389,0.39,0.318,,0.521,0.791,,0.032,202,,0.176,0.389,,16.0,0.0,2015,0.22,800.0,,0.489,0.511,0.3873620352250489,traditional
6.0,Cleveland Cavaliers*,82,19780,0.458,12.8,,0.666,0.295,0.155,0.092,0.124,0.334,,0.504,0.647,0.36,0.387,0.432,0.367,,0.509,0.803,,0.064,393,,0.289,0.365,,4.0,1.0,2015,0.215,848.0,,0.629,0.371,0.39076010781671155,analytics
7.0,Dallas Mavericks*,82,19880,0.463,12.8,,0.704,0.288,0.14,0.094,0.182,0.296,,0.509,0.659,0.382,0.42,0.417,0.352,,0.482,0.857,,0.057,364,,0.229,0.393,,10.0,1.0,2015,0.22,933.0,,0.584,0.41600000000000004,0.4058990384615384,analytics
8.0,Denver Nuggets,82,19880,0.433,12.3,,0.716,0.299,0.176,0.09,0.152,0.284,,0.476,0.622,0.351,0.396,0.379,0.325,,0.506,0.839,,0.057,358,,0.236,0.344,,22.0,1.0,2015,0.224,901.0,,0.583,0.41800000000000004,0.37087081339712913,analytics
9.0,Detroit Pistons,82,19830,0.432,11.8,,0.71,0.324,0.192,0.065,0.128,0.29,,0.468,0.6,0.329,0.382,0.386,0.344,,0.512,0.815,,0.043,273,,0.24,0.396,,20.0,0.0,2015,0.247,981.0,,0.614,0.385,0.35689870129870127,analytics
10.0,Golden State Warriors*,82,19730,0.478,13.1,,0.689,0.288,0.143,0.104,0.154,0.311,,0.514,0.673,0.372,0.442,0.397,0.398,,0.602,0.821,,0.062,396,,0.221,0.459,,24.0,0.0,2015,0.206,939.0,,0.599,0.401,0.39975561097256856,analytics
11.0,Houston Rockets*,82,19805,0.444,12.7,,0.608,0.31,0.183,0.047,0.068,0.392,,0.506,0.635,0.392,0.351,0.328,0.348,,0.496,0.833,,0.057,361,,0.328,0.394,,17.0,0.0,2015,0.252,976.0,,0.702,0.298,0.37092953020134234,analytics
12.0,Indiana Pacers,82,19855,0.439,13.0,,0.745,0.245,0.172,0.105,0.222,0.255,,0.469,0.604,0.399,0.378,0.418,0.352,,0.516,0.858,,0.027,155,,0.266,0.383,,17.0,0.0,2015,0.203,797.0,,0.5,0.499,0.40303406813627257,traditional
13.0,Los Angeles Clippers*,82,19730,0.473,14.1,,0.678,0.242,0.119,0.097,0.219,0.322,,0.519,0.68,0.408,0.437,0.437,0.376,,0.563,0.82,,0.063,386,,0.265,0.396,,11.0,0.0,2015,0.166,705.0,,0.5640000000000001,0.435,0.4290666666666666,mid
14.0,Los Angeles Lakers,82,19930,0.435,12.5,,0.78,0.265,0.15,0.132,0.233,0.22,,0.461,0.651,0.348,0.374,0.366,0.344,,0.527,0.726,,0.043,276,,0.183,0.396,,7.0,0.0,2015,0.205,859.0,,0.485,0.515,0.36280776699029127,traditional
15.0,Memphis Grizzlies*,82,19905,0.458,11.0,,0.816,0.308,0.199,0.129,0.179,0.184,,0.485,0.621,0.405,0.42,0.386,0.339,,0.528,0.865,,0.029,173,,0.262,0.383,,22.0,2.0,2015,0.263,1074.0,,0.492,0.507,0.40210848126232746,traditional
16.0,Miami Heat,82,19730,0.456,12.4,,0.738,0.295,0.142,0.118,0.184,0.262,,0.499,0.629,0.438,0.424,0.385,0.335,,0.481,0.905,,0.047,277,,0.319,0.374,,17.0,1.0,2015,0.238,860.0,,0.5569999999999999,0.444,0.41231531531531534,mid
17.0,Milwaukee Bucks*,82,19930,0.459,11.4,,0.777,0.338,0.136,0.11,0.193,0.223,,0.486,0.608,0.352,0.438,0.394,0.363,,0.571,0.888,,0.052,320,,0.316,0.403,,4.0,0.0,2015,0.259,977.0,,0.561,0.439,0.3920136674259681,mid
18.0,Minnesota Timberwolves,82,19805,0.438,11.6,,0.821,0.287,0.176,0.122,0.235,0.179,,0.461,0.622,0.361,0.41,0.365,0.332,,0.557,0.825,,0.054,332,,0.219,0.366,,12.0,0.0,2015,0.217,826.0,,0.46599999999999997,0.5329999999999999,0.37397936210131333,traditional
19.0,New Orleans Pelicans*,82,19780,0.457,11.4,,0.767,0.348,0.152,0.098,0.169,0.233,,0.484,0.591,0.383,0.406,0.398,0.37,,0.513,0.875,,0.05,313,,0.239,0.412,,17.0,0.0,2015,0.286,1052.0,,0.581,0.41900000000000004,0.3944295942720764,mid
20.0,New York Knicks,82,19855,0.428,13.3,,0.76,0.241,0.147,0.126,0.247,0.24,,0.454,0.587,0.363,0.393,0.41,0.347,,0.55,0.836,,0.035,213,,0.187,0.351,,16.0,1.0,2015,0.198,715.0,,0.481,0.52,0.3925942307692307,traditional
21.0,Oklahoma City Thunder,82,19830,0.447,11.9,,0.738,0.304,0.156,0.113,0.165,0.262,,0.486,0.615,0.385,0.436,0.377,0.339,,0.461,0.797,,0.051,328,,0.247,0.373,,12.0,0.0,2015,0.233,933.0,,0.5660000000000001,0.43400000000000005,0.3952373271889401,mid
22.0,Orlando Magic,82,19755,0.453,11.5,,0.765,0.317,0.182,0.094,0.172,0.235,,0.486,0.611,0.386,0.383,0.415,0.347,,0.48,0.868,,0.052,315,,0.26,0.373,,11.0,0.0,2015,0.241,929.0,,0.552,0.448,0.3965044642857142,traditional
23.0,Philadelphia 76ers,82,19805,0.408,12.2,,0.681,0.321,0.174,0.069,0.118,0.319,,0.449,0.593,0.316,0.326,0.322,0.32,,0.52,0.873,,0.051,318,,0.181,0.342,,18.0,0.0,2015,0.257,938.0,,0.64,0.361,0.3198725761772854,analytics
24.0,Phoenix Suns,82,19880,0.452,12.6,,0.709,0.294,0.138,0.124,0.153,0.291,,0.497,0.643,0.374,0.429,0.383,0.341,,0.443,0.801,,0.045,291,,0.289,0.361,,19.0,1.0,2015,0.237,1009.0,,0.585,0.41500000000000004,0.3937518072289157,analytics
25.0,Portland Trail Blazers*,82,19855,0.45,13.7,,0.684,0.248,0.134,0.112,0.19,0.316,,0.491,0.652,0.411,0.402,0.393,0.362,,0.495,0.776,,0.034,227,,0.249,0.391,,14.0,0.0,2015,0.193,834.0,,0.5640000000000001,0.436,0.40084403669724766,mid
26.0,Sacramento Kings,82,19855,0.455,11.0,,0.796,0.303,0.219,0.094,0.181,0.204,,0.484,0.651,0.356,0.416,0.395,0.341,,0.503,0.837,,0.066,391,,0.299,0.367,,12.0,0.0,2015,0.239,937.0,,0.507,0.494,0.3817064777327935,traditional
27.0,San Antonio Spurs*,82,19955,0.468,12.1,,0.731,0.278,0.202,0.103,0.148,0.269,,0.505,0.634,0.462,0.404,0.395,0.367,,0.544,0.919,,0.028,172,,0.288,0.423,,10.0,0.0,2015,0.239,999.0,,0.547,0.45299999999999996,0.4269227373068433,traditional
28.0,Toronto Raptors*,82,19855,0.455,12.7,,0.698,0.254,0.195,0.104,0.145,0.302,,0.499,0.644,0.446,0.393,0.395,0.352,,0.476,0.781,,0.042,259,,0.264,0.408,,10.0,0.0,2015,0.193,781.0,,0.556,0.44399999999999995,0.41693018018018024,mid
29.0,Utah Jazz,82,19705,0.447,12.2,,0.726,0.299,0.17,0.096,0.161,0.274,,0.486,0.669,0.333,0.395,0.363,0.343,,0.473,0.9,,0.066,401,,0.275,0.376,,18.0,1.0,2015,0.214,830.0,,0.573,0.42700000000000005,0.35825058548009364,mid
30.0,Washington Wizards*,82,19955,0.462,12.1,,0.797,0.287,0.142,0.138,0.23,0.203,,0.488,0.658,0.385,0.409,0.389,0.36,,0.578,0.889,,0.05,327,,0.28,0.37,,12.0,0.0,2015,0.22,879.0,,0.49,0.51,0.39329803921568623,traditional
,League Average,82,19839,0.449,12.4,,0.732,0.29,0.164,0.103,0.175,0.268,,0.485,0.627,0.384,0.403,0.394,0.35,,0.52,0.843,,0.047,293,,0.254,0.387,,14.4,0.4,2015,0.228,903.0,,0.558,0.442,0.3923868778280543,mid
1.0,Atlanta Hawks*,82,19830,0.458,12.7,,0.664,0.326,0.121,0.078,0.138,0.336,,0.512,0.623,0.377,0.431,0.415,0.35,,0.582,0.896,,0.037,222,,0.244,0.36,,12.0,1.0,2016,0.293,1182.0,,0.662,0.337,0.40505934718100883,analytics
2.0,Boston Celtics*,82,19780,0.439,12.4,,0.707,0.318,0.141,0.094,0.154,0.293,,0.483,0.624,0.355,0.378,0.373,0.335,,0.546,0.856,,0.025,169,,0.232,0.345,,12.0,0.0,2016,0.29,1262.0,,0.611,0.389,0.3676838046272493,analytics
3.0,Brooklyn Nets,82,19755,0.453,11.6,,0.782,0.284,0.211,0.106,0.181,0.218,,0.481,0.608,0.425,0.404,0.392,0.352,,0.53,0.844,,0.032,202,,0.309,0.391,,13.0,0.0,2016,0.266,1038.0,,0.502,0.498,0.4085361445783132,traditional
4.0,Chicago Bulls,82,19905,0.441,12.2,,0.756,0.291,0.162,0.117,0.185,0.244,,0.464,0.573,0.391,0.4,0.398,0.371,,0.515,0.883,,0.039,255,,0.224,0.397,,16.0,1.0,2016,0.262,966.0,,0.5349999999999999,0.464,0.39606034482758623,traditional
5.0,Charlotte Hornets*,82,19855,0.439,13.7,,0.652,0.274,0.129,0.093,0.156,0.348,,0.479,0.599,0.394,0.383,0.397,0.362,,0.482,0.84,,0.029,177,,0.171,0.409,,9.0,1.0,2016,0.248,962.0,,0.622,0.378,0.39253174603174595,analytics
6.0,Cleveland Cavaliers*,82,19855,0.46,13.3,,0.648,0.28,0.149,0.095,0.125,0.352,,0.514,0.658,0.391,0.378,0.438,0.362,,0.481,0.861,,0.057,358,,0.26,0.391,,5.0,1.0,2016,0.227,920.0,,0.632,0.369,0.40357452574525743,analytics
7.0,Dallas Mavericks*,82,20005,0.444,13.7,,0.661,0.243,0.149,0.111,0.159,0.339,,0.495,0.656,0.369,0.431,0.412,0.344,,0.5,0.847,,0.033,214,,0.213,0.39,,17.0,0.0,2016,0.214,879.0,,0.5820000000000001,0.41900000000000004,0.4017422434367541,mid
8.0,Denver Nuggets,82,19830,0.442,11.8,,0.723,0.342,0.158,0.08,0.142,0.277,,0.482,0.586,0.389,0.373,0.397,0.338,,0.543,0.811,,0.055,356,,0.21,0.34,,18.0,2.0,2016,0.287,1053.0,,0.619,0.38,0.3886210526315789,analytics
9.0,Detroit Pistons*,82,19880,0.439,12.3,,0.697,0.293,0.184,0.104,0.116,0.303,,0.48,0.611,0.369,0.41,0.388,0.345,,0.422,0.803,,0.037,232,,0.254,0.374,,30.0,1.0,2016,0.258,1032.0,,0.596,0.40399999999999997,0.3850099009900991,mid
10.0,Golden State Warriors*,82,19880,0.487,13.5,,0.638,0.301,0.125,0.093,0.119,0.362,,0.528,0.66,0.362,0.422,0.452,0.416,,0.626,0.792,,0.062,402,,0.229,0.413,,22.0,2.0,2016,0.242,1032.0,,0.663,0.33699999999999997,0.41033827893175073,analytics
11.0,Houston Rockets*,82,19830,0.452,12.5,,0.63,0.321,0.164,0.064,0.082,0.37,,0.514,0.651,0.356,0.4,0.379,0.347,,0.508,0.793,,0.07,442,,0.307,0.36,,21.0,0.0,2016,0.266,1022.0,,0.6910000000000001,0.31,0.37116774193548385,analytics
12.0,Indiana Pacers*,82,19880,0.45,13.1,,0.73,0.27,0.133,0.108,0.219,0.27,,0.486,0.635,0.435,0.39,0.381,0.351,,0.487,0.804,,0.038,245,,0.273,0.398,,13.0,0.0,2016,0.24,981.0,,0.54,0.45999999999999996,0.39872608695652184,traditional
13.0,Los Angeles Clippers*,82,19830,0.465,14.2,,0.676,0.239,0.129,0.093,0.215,0.324,,0.513,0.674,0.438,0.425,0.417,0.364,,0.526,0.799,,0.057,346,,0.226,0.405,,14.0,0.0,2016,0.195,787.0,,0.563,0.437,0.42490160183066367,mid
14.0,Los Angeles Lakers,82,19730,0.414,13.0,,0.71,0.255,0.163,0.125,0.168,0.29,,0.454,0.59,0.403,0.369,0.358,0.317,,0.45,0.734,,0.049,307,,0.192,0.33,,20.0,0.0,2016,0.207,738.0,,0.5449999999999999,0.45600000000000007,0.3771008771929824,traditional
15.0,Memphis Grizzlies*,82,19830,0.44,11.4,,0.778,0.313,0.19,0.103,0.172,0.222,,0.471,0.583,0.389,0.416,0.392,0.331,,0.502,0.859,,0.037,218,,0.268,0.324,,21.0,2.0,2016,0.285,1053.0,,0.535,0.46499999999999997,0.3960903225806452,traditional
16.0,Miami Heat*,82,19830,0.47,11.6,,0.779,0.303,0.166,0.128,0.182,0.221,,0.508,0.663,0.422,0.407,0.401,0.336,,0.47,0.928,,0.054,341,,0.372,0.358,,15.0,1.0,2016,0.249,1000.0,,0.524,0.47600000000000003,0.409936974789916,traditional
17.0,Milwaukee Bucks,82,19830,0.467,10.1,,0.811,0.365,0.19,0.106,0.149,0.189,,0.495,0.617,0.402,0.397,0.387,0.345,,0.555,0.895,,0.071,446,,0.282,0.353,,14.0,0.0,2016,0.29,1066.0,,0.554,0.44499999999999995,0.3957865168539326,traditional
18.0,Minnesota Timberwolves,82,19880,0.464,11.9,,0.798,0.298,0.16,0.101,0.239,0.202,,0.496,0.661,0.41,0.372,0.4,0.338,,0.578,0.855,,0.061,376,,0.208,0.386,,8.0,0.0,2016,0.241,943.0,,0.5,0.5,0.397544,traditional
19.0,New Orleans Pelicans,82,19780,0.448,12.5,,0.723,0.304,0.144,0.101,0.174,0.277,,0.482,0.597,0.38,0.385,0.419,0.36,,0.51,0.808,,0.059,369,,0.229,0.332,,12.0,1.0,2016,0.255,948.0,,0.581,0.419,0.39740095465393793,mid
20.0,New York Knicks,82,19805,0.439,13.0,,0.744,0.245,0.154,0.143,0.201,0.256,,0.471,0.585,0.425,0.407,0.412,0.346,,0.477,0.869,,0.031,200,,0.231,0.405,,13.0,0.0,2016,0.217,798.0,,0.501,0.498,0.41458433734939754,traditional
21.0,Oklahoma City Thunder*,82,19830,0.476,11.9,,0.725,0.33,0.126,0.122,0.146,0.275,,0.524,0.626,0.438,0.478,0.41,0.349,,0.508,0.758,,0.07,447,,0.291,0.357,,6.0,0.0,2016,0.262,1010.0,,0.605,0.394,0.44001015228426393,analytics
22.0,Orlando Magic,82,19905,0.455,12.5,,0.745,0.296,0.15,0.093,0.206,0.255,,0.492,0.609,0.422,0.409,0.409,0.35,,0.528,0.873,,0.045,284,,0.241,0.37,,21.0,0.0,2016,0.253,1009.0,,0.5509999999999999,0.44899999999999995,0.41334298440979955,traditional
23.0,Philadelphia 76ers,82,19805,0.431,12.4,,0.673,0.311,0.166,0.096,0.099,0.327,,0.476,0.628,0.341,0.361,0.338,0.339,,0.501,0.861,,0.061,377,,0.234,0.366,,14.0,1.0,2016,0.253,983.0,,0.638,0.361,0.3454958448753463,analytics
24.0,Phoenix Suns,82,19705,0.435,12.6,,0.698,0.3,0.151,0.092,0.155,0.302,,0.472,0.614,0.349,0.396,0.362,0.348,,0.47,0.831,,0.056,351,,0.226,0.368,,12.0,0.0,2016,0.25,948.0,,0.602,0.398,0.3649271356783919,mid
25.0,Portland Trail Blazers*,82,19805,0.45,13.3,,0.668,0.282,0.137,0.092,0.157,0.332,,0.49,0.607,0.361,0.436,0.423,0.37,,0.469,0.771,,0.052,328,,0.238,0.388,,11.0,0.0,2016,0.232,872.0,,0.614,0.386,0.4040932642487047,analytics
26.0,Sacramento Kings,82,19805,0.464,11.6,,0.74,0.297,0.223,0.066,0.155,0.26,,0.5,0.65,0.404,0.411,0.389,0.359,,0.55,0.856,,0.059,374,,0.23,0.418,,15.0,0.0,2016,0.276,1158.0,,0.5569999999999999,0.44400000000000006,0.399804054054054,mid
27.0,San Antonio Spurs*,82,19705,0.484,12.2,,0.777,0.264,0.175,0.137,0.201,0.223,,0.515,0.667,0.452,0.44,0.421,0.375,,0.549,0.905,,0.033,206,,0.283,0.373,,11.0,0.0,2016,0.237,1018.0,,0.487,0.513,0.43664912280701756,traditional
28.0,Toronto Raptors*,82,19780,0.451,12.3,,0.713,0.277,0.187,0.111,0.139,0.287,,0.483,0.624,0.409,0.394,0.374,0.37,,0.4,0.869,,0.043,265,,0.29,0.413,,9.0,1.0,2016,0.246,906.0,,0.5640000000000001,0.437,0.39405720823798623,mid
29.0,Utah Jazz,82,19955,0.449,12.3,,0.703,0.282,0.177,0.119,0.126,0.297,,0.488,0.633,0.394,0.401,0.378,0.355,,0.435,0.821,,0.06,363,,0.314,0.389,,22.0,0.0,2016,0.225,825.0,,0.579,0.422,0.39119668246445494,mid
30.0,Washington Wizards,82,19755,0.46,12.9,,0.718,0.291,0.129,0.111,0.188,0.282,,0.501,0.638,0.41,0.415,0.4,0.358,,0.548,0.872,,0.039,254,,0.246,0.382,,14.0,1.0,2016,0.255,1067.0,,0.573,0.428,0.40690420560747664,mid
,League Average,82,19826,0.452,12.5,,0.715,0.293,0.158,0.103,0.162,0.285,,0.491,0.624,0.396,0.405,0.398,0.354,,0.51,0.836,,0.048,304,,0.248,0.377,,14.7,0.5,2016,0.251,982.0,,0.578,0.42300000000000004,0.3989574468085106,mid
1.0,Atlanta Hawks*,82,19880,0.451,13.0,,0.691,0.331,0.117,0.092,0.151,0.309,,0.501,0.616,0.349,0.394,0.429,0.341,,0.542,0.879,,0.054,341,,0.234,0.388,,12.0,0.0,2017,0.287,1093.0,,0.64,0.36,0.3940555555555556,analytics
2.0,Boston Celtics*,82,19755,0.454,14.2,,0.607,0.296,0.129,0.071,0.111,0.393,,0.515,0.632,0.395,0.417,0.405,0.359,,0.57,0.836,,0.033,211,,0.22,0.41,,20.0,0.0,2017,0.271,1106.0,,0.6890000000000001,0.311,0.4035916398713826,analytics
3.0,Brooklyn Nets,82,19755,0.444,13.2,,0.629,0.309,0.173,0.077,0.07,0.371,,0.506,0.613,0.418,0.391,0.374,0.338,,0.454,0.851,,0.035,225,,0.215,0.375,,21.0,0.0,2017,0.3,1173.0,,0.6799999999999999,0.32,0.401878125,analytics
4.0,Chicago Bulls*,82,19780,0.444,12.8,,0.744,0.28,0.167,0.117,0.179,0.256,,0.479,0.6,0.449,0.393,0.377,0.34,,0.513,0.875,,0.038,248,,0.288,0.415,,9.0,0.0,2017,0.255,1005.0,,0.536,0.463,0.407012958963283,traditional
5.0,Charlotte Hornets,82,19830,0.442,13.9,,0.665,0.282,0.133,0.099,0.152,0.335,,0.488,0.61,0.4,0.419,0.38,0.351,,0.545,0.795,,0.034,218,,0.133,0.377,,15.0,1.0,2017,0.253,1006.0,,0.617,0.384,0.3969817708333333,mid
6.0,Cleveland Cavaliers*,82,19880,0.47,14.4,,0.601,0.284,0.11,0.092,0.115,0.399,,0.528,0.666,0.362,0.427,0.425,0.384,,0.441,0.829,,0.059,381,,0.293,0.412,,7.0,0.0,2017,0.231,944.0,,0.683,0.317,0.40371924290220823,analytics
7.0,Dallas Mavericks,82,19780,0.44,15.4,,0.634,0.201,0.127,0.116,0.189,0.366,,0.489,0.637,0.444,0.441,0.391,0.355,,0.474,0.813,,0.04,237,,0.196,0.371,,17.0,0.0,2017,0.167,650.0,,0.567,0.432,0.4200069444444445,traditional
8.0,Denver Nuggets,82,19755,0.469,12.8,,0.671,0.33,0.156,0.078,0.108,0.329,,0.519,0.626,0.441,0.386,0.397,0.368,,0.526,0.87,,0.053,347,,0.192,0.387,,19.0,0.0,2017,0.283,1156.0,,0.659,0.34199999999999997,0.4145614035087719,analytics
9.0,Detroit Pistons,82,19805,0.449,13.1,,0.737,0.25,0.189,0.141,0.157,0.263,,0.492,0.646,0.384,0.445,0.416,0.33,,0.455,0.845,,0.043,283,,0.203,0.384,,30.0,1.0,2017,0.212,905.0,,0.513,0.487,0.4119774127310062,traditional
10.0,Golden State Warriors*,82,19780,0.495,14.1,,0.641,0.303,0.102,0.107,0.129,0.359,,0.557,0.69,0.408,0.43,0.469,0.383,,0.656,0.832,,0.075,500,,0.208,0.409,,30.0,1.0,2017,0.235,1019.0,,0.6619999999999999,0.33799999999999997,0.4382455621301775,analytics
11.0,Houston Rockets*,82,19780,0.462,14.4,,0.538,0.321,0.125,0.041,0.051,0.462,,0.552,0.667,0.391,0.375,0.373,0.357,,0.546,0.771,,0.076,483,,0.202,0.391,,14.0,0.0,2017,0.269,1146.0,,0.783,0.217,0.38374654377880185,analytics
12.0,Indiana Pacers*,82,19855,0.465,13.5,,0.728,0.241,0.186,0.107,0.194,0.272,,0.498,0.625,0.464,0.417,0.418,0.376,,0.498,0.838,,0.035,223,,0.258,0.403,,18.0,0.0,2017,0.234,938.0,,0.513,0.487,0.4353490759753594,traditional
13.0,Los Angeles Clippers*,82,19755,0.475,14.3,,0.671,0.275,0.118,0.081,0.196,0.329,,0.525,0.661,0.419,0.423,0.439,0.375,,0.494,0.786,,0.067,414,,0.198,0.423,,17.0,2.0,2017,0.223,879.0,,0.6040000000000001,0.395,0.42974430379746836,mid
14.0,Los Angeles Lakers,82,19705,0.45,12.6,,0.705,0.299,0.187,0.103,0.118,0.295,,0.493,0.633,0.397,0.379,0.39,0.346,,0.462,0.771,,0.056,358,,0.217,0.368,,16.0,1.0,2017,0.25,1006.0,,0.594,0.408,0.3904313725490196,mid
15.0,Memphis Grizzlies*,82,19905,0.435,13.5,,0.684,0.288,0.158,0.092,0.144,0.316,,0.473,0.58,0.416,0.385,0.38,0.354,,0.504,0.811,,0.033,203,,0.192,0.409,,31.0,0.0,2017,0.267,979.0,,0.604,0.394,0.39560406091370554,mid
16.0,Miami Heat,82,19780,0.455,13.0,,0.686,0.29,0.169,0.094,0.131,0.314,,0.496,0.63,0.412,0.387,0.389,0.365,,0.427,0.89,,0.054,350,,0.301,0.4,,14.0,0.0,2017,0.238,927.0,,0.604,0.394,0.3983883248730964,mid
17.0,Milwaukee Bucks*,82,19780,0.474,11.9,,0.71,0.351,0.174,0.077,0.108,0.29,,0.516,0.644,0.402,0.377,0.387,0.37,,0.534,0.928,,0.073,448,,0.276,0.388,,12.0,0.0,2017,0.282,1073.0,,0.641,0.359,0.392125348189415,analytics
18.0,Minnesota Timberwolves,82,19805,0.467,12.4,,0.751,0.304,0.164,0.097,0.186,0.249,,0.507,0.645,0.437,0.392,0.402,0.349,,0.535,0.884,,0.059,382,,0.268,0.393,,11.0,0.0,2017,0.25,991.0,,0.5529999999999999,0.447,0.41267114093959734,traditional
19.0,New Orleans Pelicans,82,19905,0.45,13.4,,0.692,0.279,0.17,0.094,0.149,0.308,,0.495,0.627,0.417,0.427,0.38,0.35,,0.503,0.833,,0.048,313,,0.219,0.373,,11.0,0.0,2017,0.243,988.0,,0.587,0.41300000000000003,0.4059273607748184,mid
20.0,New York Knicks,82,19855,0.447,13.2,,0.721,0.291,0.126,0.132,0.172,0.279,,0.485,0.591,0.381,0.44,0.419,0.348,,0.469,0.845,,0.04,267,,0.229,0.425,,23.0,0.0,2017,0.256,992.0,,0.5700000000000001,0.43,0.4143116279069767,traditional
21.0,Oklahoma City Thunder*,82,19805,0.452,12.1,,0.705,0.346,0.146,0.104,0.109,0.295,,0.504,0.614,0.418,0.391,0.379,0.327,,0.466,0.773,,0.063,401,,0.252,0.345,,19.0,2.0,2017,0.285,1129.0,,0.641,0.359,0.3983370473537604,analytics
22.0,Orlando Magic,82,19805,0.44,13.5,,0.7,0.266,0.168,0.109,0.157,0.3,,0.488,0.616,0.427,0.413,0.39,0.328,,0.495,0.874,,0.042,272,,0.182,0.297,,25.0,0.0,2017,0.231,917.0,,0.5660000000000001,0.43400000000000005,0.4100990783410138,traditional
23.0,Philadelphia 76ers,82,19830,0.442,13.2,,0.651,0.309,0.149,0.092,0.1,0.349,,0.496,0.638,0.376,0.384,0.344,0.34,,0.541,0.875,,0.047,301,,0.154,0.406,,8.0,0.0,2017,0.269,1087.0,,0.6579999999999999,0.34099999999999997,0.36877419354838703,analytics
24.0,Phoenix Suns,82,19830,0.45,12.5,,0.745,0.306,0.154,0.12,0.165,0.255,,0.491,0.629,0.412,0.402,0.373,0.332,,0.421,0.789,,0.057,358,,0.269,0.329,,20.0,0.0,2017,0.258,1066.0,,0.5609999999999999,0.43900000000000006,0.39460820045558076,traditional
25.0,Portland Trail Blazers*,82,19930,0.459,13.4,,0.678,0.299,0.141,0.091,0.148,0.322,,0.499,0.596,0.418,0.441,0.417,0.375,,0.444,0.789,,0.048,306,,0.199,0.375,,18.0,0.0,2017,0.247,935.0,,0.621,0.38,0.42311842105263153,mid
26.0,Sacramento Kings,82,19880,0.461,13.1,,0.709,0.258,0.195,0.1,0.155,0.291,,0.496,0.642,0.421,0.412,0.402,0.376,,0.506,0.875,,0.051,309,,0.237,0.416,,18.0,0.0,2017,0.251,973.0,,0.5489999999999999,0.45000000000000007,0.4124555555555555,traditional
27.0,San Antonio Spurs*,82,19805,0.469,13.5,,0.719,0.255,0.159,0.116,0.191,0.281,,0.5,0.644,0.429,0.391,0.431,0.391,,0.525,0.874,,0.047,292,,0.268,0.433,,12.0,0.0,2017,0.215,864.0,,0.536,0.466,0.4203605150214592,traditional
28.0,Toronto Raptors*,82,19780,0.464,13.2,,0.711,0.254,0.185,0.12,0.153,0.289,,0.505,0.631,0.45,0.449,0.407,0.363,,0.372,0.817,,0.04,256,,0.273,0.381,,12.0,1.0,2017,0.235,919.0,,0.5429999999999999,0.45799999999999996,0.43537336244541486,traditional
29.0,Utah Jazz*,82,19755,0.466,13.1,,0.673,0.297,0.152,0.105,0.118,0.327,,0.511,0.651,0.413,0.427,0.363,0.372,,0.454,0.799,,0.069,416,,0.28,0.385,,14.0,1.0,2017,0.233,870.0,,0.624,0.375,0.40118666666666664,mid
30.0,Washington Wizards*,82,19855,0.475,13.1,,0.716,0.3,0.137,0.108,0.169,0.284,,0.515,0.629,0.429,0.426,0.442,0.372,,0.496,0.858,,0.047,302,,0.254,0.351,,10.0,0.0,2017,0.26,1079.0,,0.584,0.41400000000000003,0.43352415458937194,mid
,League Average,82,19815,0.457,13.3,,0.684,0.29,0.152,0.099,0.142,0.316,,0.503,0.631,0.414,0.412,0.402,0.358,,0.495,0.835,,0.051,322,,0.228,0.388,,16.8,0.3,2017,0.25,994.0,,0.606,0.393,0.40916030534351144,mid
1.0,Atlanta Hawks,82,19705,0.446,13.6,,0.637,0.279,0.131,0.105,0.122,0.363,,0.495,0.635,0.351,0.399,0.411,0.36,,0.52,0.869,,0.052,309,,0.243,0.426,,22.0,0.0,2018,0.288,1064.0,,0.642,0.358,0.3855251396648045,analytics
2.0,Boston Celtics*,82,19805,0.45,13.7,,0.643,0.259,0.158,0.106,0.12,0.357,,0.491,0.628,0.364,0.419,0.426,0.377,,0.49,0.813,,0.047,274,,0.213,0.408,,18.0,0.0,2018,0.261,935.0,,0.616,0.384,0.39855729166666665,mid
3.0,Brooklyn Nets,82,19855,0.441,13.7,,0.589,0.269,0.175,0.083,0.062,0.411,,0.5,0.643,0.379,0.4,0.354,0.356,,0.507,0.844,,0.043,269,,0.201,0.376,,13.0,1.0,2018,0.287,1098.0,,0.6799999999999999,0.32,0.379603125,analytics
4.0,Chicago Bulls,82,19855,0.435,13.6,,0.65,0.254,0.165,0.095,0.135,0.35,,0.478,0.624,0.39,0.388,0.377,0.355,,0.51,0.848,,0.039,261,,0.184,0.372,,15.0,0.0,2018,0.25,942.0,,0.604,0.395,0.3850759493670886,traditional
5.0,Charlotte Hornets,82,19780,0.45,13.2,,0.686,0.273,0.16,0.114,0.138,0.314,,0.487,0.642,0.38,0.408,0.37,0.369,,0.484,0.756,,0.046,300,,0.154,0.369,,21.0,0.0,2018,0.268,1030.0,,0.587,0.41200000000000003,0.3843980582524271,traditional
6.0,Cleveland Cavaliers*,82,19730,0.476,13.8,,0.621,0.297,0.113,0.092,0.119,0.379,,0.54,0.706,0.368,0.413,0.387,0.372,,0.478,0.819,,0.051,319,,0.252,0.417,,13.0,0.0,2018,0.269,1163.0,,0.6759999999999999,0.324,0.38775617283950614,analytics
7.0,Dallas Mavericks,82,19805,0.444,14.4,,0.618,0.241,0.135,0.105,0.137,0.382,,0.496,0.652,0.4,0.385,0.405,0.36,,0.491,0.824,,0.048,295,,0.169,0.416,,20.0,0.0,2018,0.222,850.0,,0.623,0.377,0.3976392572944297,mid
8.0,Denver Nuggets,82,19880,0.47,12.8,,0.643,0.275,0.204,0.09,0.074,0.357,,0.525,0.664,0.424,0.441,0.391,0.371,,0.526,0.848,,0.055,356,,0.167,0.417,,26.0,0.0,2018,0.302,1157.0,,0.632,0.368,0.4215217391304347,mid
9.0,Detroit Pistons,82,19805,0.45,13.1,,0.667,0.26,0.185,0.107,0.116,0.333,,0.488,0.657,0.346,0.433,0.388,0.373,,0.465,0.889,,0.044,271,,0.227,0.392,,19.0,1.0,2018,0.28,1047.0,,0.593,0.408,0.3807573529411765,traditional
10.0,Golden State Warriors*,82,19730,0.503,14.0,,0.661,0.267,0.111,0.139,0.144,0.339,,0.56,0.708,0.424,0.485,0.463,0.391,,0.643,0.801,,0.071,454,,0.158,0.405,,26.0,0.0,2018,0.229,952.0,,0.6060000000000001,0.394,0.4597741116751269,traditional
11.0,Houston Rockets*,82,19755,0.46,15.0,,0.498,0.288,0.104,0.062,0.044,0.502,,0.558,0.669,0.369,0.454,0.43,0.362,,0.47,0.689,,0.062,392,,0.228,0.4,,17.0,1.0,2018,0.261,1004.0,,0.79,0.20999999999999996,0.4068761904761905,analytics
12.0,Indiana Pacers*,82,19755,0.472,13.0,,0.716,0.293,0.136,0.096,0.191,0.284,,0.513,0.638,0.42,0.449,0.422,0.369,,0.465,0.819,,0.041,250,,0.22,0.425,,21.0,0.0,2018,0.294,1168.0,,0.577,0.42300000000000004,0.42748463356973987,traditional
13.0,Los Angeles Clippers,82,19705,0.471,11.8,,0.686,0.347,0.164,0.083,0.091,0.314,,0.525,0.659,0.378,0.424,0.378,0.354,,0.502,0.726,,0.082,512,,0.219,0.338,,15.0,1.0,2018,0.301,1153.0,,0.661,0.33799999999999997,0.38929585798816574,analytics
14.0,Los Angeles Lakers,82,19905,0.461,12.4,,0.671,0.321,0.168,0.086,0.096,0.329,,0.517,0.67,0.39,0.354,0.378,0.345,,0.492,0.865,,0.059,385,,0.159,0.372,,17.0,0.0,2018,0.299,1253.0,,0.65,0.35,0.37786285714285717,analytics
15.0,Memphis Grizzlies,82,19705,0.444,12.8,,0.683,0.312,0.139,0.1,0.132,0.317,,0.486,0.62,0.352,0.372,0.398,0.352,,0.51,0.815,,0.049,296,,0.189,0.35,,26.0,0.0,2018,0.304,1087.0,,0.629,0.371,0.37375741239892185,mid
16.0,Miami Heat*,82,19930,0.455,13.2,,0.642,0.28,0.163,0.095,0.104,0.358,,0.508,0.657,0.416,0.383,0.366,0.36,,0.457,0.908,,0.053,336,,0.256,0.388,,18.0,0.0,2018,0.268,1067.0,,0.638,0.362,0.39297513812154694,analytics
17.0,Milwaukee Bucks*,82,19830,0.478,12.4,,0.703,0.31,0.152,0.114,0.127,0.297,,0.531,0.685,0.373,0.463,0.406,0.355,,0.501,0.883,,0.068,419,,0.263,0.405,,12.0,0.0,2018,0.279,1065.0,,0.607,0.393,0.4097709923664122,mid
18.0,Minnesota Timberwolves*,82,19805,0.476,12.3,,0.739,0.264,0.196,0.129,0.15,0.261,,0.519,0.69,0.433,0.432,0.403,0.357,,0.487,0.825,,0.053,343,,0.226,0.403,,12.0,0.0,2018,0.255,1029.0,,0.525,0.475,0.4232547368421053,traditional
19.0,New Orleans Pelicans*,82,19955,0.483,12.5,,0.681,0.295,0.179,0.099,0.109,0.319,,0.54,0.667,0.475,0.441,0.396,0.362,,0.549,0.876,,0.054,362,,0.233,0.399,,14.0,0.0,2018,0.307,1294.0,,0.614,0.387,0.4440516795865633,mid
20.0,New York Knicks,82,19830,0.464,12.7,,0.734,0.278,0.156,0.14,0.159,0.266,,0.504,0.656,0.398,0.442,0.399,0.352,,0.499,0.869,,0.04,259,,0.194,0.406,,20.0,0.0,2018,0.276,1119.0,,0.544,0.45500000000000007,0.4118879120879121,traditional
21.0,Oklahoma City Thunder*,82,19830,0.453,13.2,,0.655,0.315,0.096,0.105,0.138,0.345,,0.505,0.639,0.367,0.404,0.375,0.354,,0.426,0.831,,0.067,408,,0.239,0.372,,21.0,0.0,2018,0.272,1082.0,,0.6599999999999999,0.339,0.38171681415929204,analytics
22.0,Orlando Magic,82,19730,0.452,13.3,,0.658,0.259,0.18,0.108,0.112,0.342,,0.504,0.688,0.398,0.347,0.403,0.351,,0.515,0.851,,0.052,335,,0.178,0.374,,8.0,0.0,2018,0.272,1088.0,,0.601,0.39999999999999997,0.38563000000000003,traditional
23.0,Philadelphia 76ers*,82,19780,0.472,13.3,,0.656,0.272,0.168,0.109,0.107,0.344,,0.526,0.702,0.401,0.383,0.421,0.369,,0.556,0.954,,0.06,386,,0.151,0.397,,20.0,0.0,2018,0.27,1105.0,,0.616,0.384,0.4014635416666667,mid
24.0,Phoenix Suns,82,19705,0.442,12.5,,0.68,0.313,0.145,0.115,0.107,0.32,,0.492,0.618,0.387,0.399,0.369,0.334,,0.467,0.823,,0.063,387,,0.209,0.366,,16.0,0.0,2018,0.293,1079.0,,0.633,0.367,0.3855122615803815,mid
25.0,Portland Trail Blazers*,82,19755,0.452,13.0,,0.676,0.283,0.155,0.111,0.127,0.324,,0.493,0.609,0.383,0.434,0.418,0.366,,0.416,0.721,,0.039,246,,0.175,0.386,,4.0,0.0,2018,0.266,998.0,,0.607,0.393,0.40871501272264626,mid
26.0,Sacramento Kings,82,19755,0.45,12.9,,0.722,0.242,0.205,0.115,0.159,0.278,,0.479,0.642,0.395,0.385,0.407,0.375,,0.477,0.817,,0.045,290,,0.2,0.409,,25.0,0.0,2018,0.248,907.0,,0.52,0.479,0.39658246346555326,traditional
27.0,San Antonio Spurs*,82,19730,0.457,12.7,,0.718,0.261,0.169,0.143,0.144,0.282,,0.499,0.66,0.406,0.416,0.4,0.352,,0.497,0.897,,0.031,192,,0.235,0.4,,16.0,0.0,2018,0.263,1080.0,,0.5429999999999999,0.45599999999999996,0.40724122807017543,traditional
28.0,Toronto Raptors*,82,19830,0.472,13.2,,0.623,0.291,0.16,0.098,0.074,0.377,,0.541,0.681,0.414,0.428,0.419,0.358,,0.499,0.816,,0.05,338,,0.243,0.396,,19.0,1.0,2018,0.272,1114.0,,0.6679999999999999,0.332,0.4192469879518072,analytics
29.0,Utah Jazz*,82,19755,0.462,13.2,,0.643,0.284,0.151,0.1,0.108,0.357,,0.515,0.674,0.37,0.398,0.408,0.366,,0.5,0.805,,0.069,434,,0.268,0.418,,14.0,0.0,2018,0.273,994.0,,0.641,0.359,0.38923119777158777,analytics
30.0,Washington Wizards*,82,19855,0.467,13.4,,0.69,0.243,0.159,0.139,0.149,0.31,,0.508,0.673,0.418,0.436,0.405,0.375,,0.548,0.88,,0.042,248,,0.192,0.376,,17.0,0.0,2018,0.252,1008.0,,0.5529999999999999,0.44700000000000006,0.4192639821029083,traditional
,League Average,82,19795,0.46,13.2,,0.663,0.281,0.156,0.106,0.12,0.337,,0.51,0.658,0.394,0.415,0.4,0.362,,0.499,0.83,,0.053,331,,0.208,0.394,,17.5,0.2,2018,0.273,1064.0,,0.6180000000000001,0.382,0.4017120418848167,mid
1.0,Atlanta Hawks,82,19855,0.451,13.6,,0.597,0.332,0.134,0.083,0.047,0.403,,0.518,0.64,0.356,0.374,0.374,0.352,,0.533,0.824,,0.081,528,,0.245,0.393,,21.0,0.0,2019,0.306,1175.0,,0.7350000000000001,0.264,0.3648636363636364,analytics
2.0,Boston Celtics*,82,19780,0.465,14.5,,0.619,0.248,0.147,0.114,0.109,0.381,,0.527,0.677,0.42,0.448,0.41,0.365,,0.527,0.854,,0.051,337,,0.196,0.355,,7.0,0.0,2019,0.247,1028.0,,0.629,0.37,0.4256810810810811,mid
3.0,Brooklyn Nets*,82,19980,0.449,13.7,,0.597,0.299,0.166,0.084,0.048,0.403,,0.513,0.639,0.373,0.423,0.366,0.353,,0.508,0.774,,0.051,326,,0.185,0.377,,14.0,1.0,2019,0.309,1207.0,,0.702,0.298,0.3859664429530202,analytics
4.0,Chicago Bulls,82,19905,0.453,12.4,,0.705,0.31,0.191,0.104,0.101,0.295,,0.496,0.627,0.408,0.392,0.368,0.351,,0.465,0.838,,0.052,340,,0.218,0.4,,14.0,0.0,2019,0.295,1112.0,,0.605,0.396,0.3935959595959596,traditional
5.0,Charlotte Hornets,82,19830,0.448,13.9,,0.622,0.289,0.165,0.083,0.084,0.378,,0.507,0.625,0.387,0.44,0.401,0.351,,0.494,0.777,,0.041,264,,0.194,0.415,,37.0,2.0,2019,0.305,1181.0,,0.667,0.332,0.4037921686746989,mid
6.0,Cleveland Cavaliers,82,19755,0.444,13.4,,0.668,0.277,0.171,0.114,0.105,0.332,,0.488,0.619,0.39,0.411,0.387,0.355,,0.435,0.802,,0.04,248,,0.207,0.36,,11.0,0.0,2019,0.272,1042.0,,0.609,0.39,0.39533076923076926,traditional
7.0,Dallas Mavericks,82,19780,0.447,14.5,,0.578,0.268,0.157,0.088,0.065,0.422,,0.524,0.677,0.4,0.397,0.371,0.34,,0.506,0.806,,0.067,428,,0.194,0.383,,27.0,1.0,2019,0.233,917.0,,0.69,0.31,0.39306774193548394,analytics
8.0,Denver Nuggets*,82,19730,0.466,13.1,,0.652,0.277,0.203,0.101,0.07,0.348,,0.527,0.674,0.407,0.457,0.394,0.351,,0.571,0.883,,0.053,348,,0.183,0.406,,17.0,1.0,2019,0.27,1103.0,,0.625,0.37400000000000005,0.4180695187165775,traditional
9.0,Detroit Pistons*,82,19855,0.44,14.0,,0.606,0.263,0.197,0.074,0.073,0.394,,0.5,0.638,0.396,0.365,0.419,0.348,,0.465,0.831,,0.044,277,,0.252,0.38,,29.0,0.0,2019,0.304,1133.0,,0.657,0.34400000000000003,0.3942122093023256,mid
10.0,Golden State Warriors*,82,19805,0.491,15.2,,0.616,0.25,0.107,0.121,0.138,0.384,,0.557,0.703,0.433,0.477,0.458,0.385,,0.61,0.803,,0.074,504,,0.195,0.427,,19.0,2.0,2019,0.216,916.0,,0.634,0.366,0.4569726775956285,mid
11.0,Houston Rockets*,82,19830,0.449,15.6,,0.481,0.261,0.145,0.05,0.025,0.519,,0.551,0.67,0.4,0.415,0.452,0.356,,0.482,0.626,,0.06,392,,0.242,0.372,,8.0,1.0,2019,0.255,969.0,,0.78,0.22,0.40931818181818186,analytics
12.0,Indiana Pacers*,82,19705,0.475,12.9,,0.708,0.311,0.158,0.086,0.152,0.292,,0.517,0.651,0.407,0.416,0.414,0.374,,0.557,0.864,,0.035,224,,0.229,0.432,,10.0,1.0,2019,0.317,1304.0,,0.603,0.396,0.4116414141414141,traditional
13.0,Los Angeles Clippers*,82,19830,0.471,12.4,,0.705,0.312,0.182,0.113,0.098,0.295,,0.507,0.638,0.397,0.426,0.385,0.388,,0.497,0.849,,0.063,408,,0.21,0.409,,15.0,0.0,2019,0.288,1081.0,,0.607,0.393,0.40234605597964374,traditional
14.0,Los Angeles Lakers,82,19780,0.47,12.7,,0.658,0.345,0.155,0.078,0.08,0.342,,0.541,0.677,0.387,0.372,0.419,0.333,,0.539,0.793,,0.084,572,,0.208,0.348,,11.0,0.0,2019,0.307,1257.0,,0.687,0.313,0.3914408945686901,analytics
15.0,Memphis Grizzlies,82,19880,0.45,13.3,,0.658,0.278,0.184,0.101,0.095,0.342,,0.505,0.643,0.419,0.39,0.393,0.342,,0.562,0.826,,0.044,274,,0.232,0.359,,15.0,0.0,2019,0.265,1019.0,,0.6200000000000001,0.38,0.4047921052631579,traditional
16.0,Miami Heat,82,19730,0.45,13.3,,0.632,0.291,0.175,0.102,0.064,0.368,,0.509,0.637,0.427,0.375,0.364,0.349,,0.505,0.88,,0.066,437,,0.256,0.375,,16.0,1.0,2019,0.27,1058.0,,0.659,0.34099999999999997,0.39962170087976545,mid
17.0,Milwaukee Bucks*,82,19780,0.476,13.9,,0.581,0.34,0.122,0.066,0.053,0.419,,0.565,0.698,0.346,0.424,0.389,0.353,,0.5,0.825,,0.073,488,,0.195,0.386,,8.0,0.0,2019,0.307,1342.0,,0.759,0.241,0.3768174273858921,analytics
18.0,Minnesota Timberwolves,82,19830,0.456,13.1,,0.685,0.288,0.176,0.099,0.121,0.315,,0.504,0.66,0.391,0.395,0.388,0.351,,0.505,0.862,,0.046,319,,0.215,0.387,,16.0,0.0,2019,0.286,1183.0,,0.603,0.396,0.39108333333333334,traditional
19.0,New Orleans Pelicans,82,19755,0.473,12.4,,0.676,0.315,0.199,0.094,0.068,0.324,,0.536,0.674,0.423,0.447,0.344,0.344,,0.542,0.869,,0.054,379,,0.206,0.351,,12.0,0.0,2019,0.312,1371.0,,0.639,0.36100000000000004,0.4143684210526315,mid
20.0,New York Knicks,82,19780,0.433,13.5,,0.666,0.311,0.129,0.103,0.122,0.334,,0.479,0.603,0.345,0.386,0.385,0.34,,0.418,0.826,,0.052,315,,0.166,0.342,,8.0,0.0,2019,0.288,1083.0,,0.645,0.354,0.3707146892655367,mid
21.0,Oklahoma City Thunder*,82,19855,0.454,12.9,,0.653,0.339,0.132,0.102,0.08,0.347,,0.51,0.637,0.362,0.372,0.393,0.348,,0.451,0.814,,0.068,459,,0.256,0.376,,21.0,2.0,2019,0.294,1206.0,,0.6859999999999999,0.314,0.3731464968152866,analytics
22.0,Orlando Magic*,82,19780,0.454,14.4,,0.64,0.246,0.161,0.104,0.128,0.36,,0.509,0.674,0.422,0.384,0.401,0.356,,0.553,0.832,,0.053,353,,0.191,0.38,,23.0,0.0,2019,0.239,954.0,,0.606,0.393,0.4051043256997456,traditional
23.0,Philadelphia 76ers*,82,19805,0.471,13.5,,0.658,0.285,0.166,0.105,0.101,0.342,,0.529,0.696,0.401,0.401,0.401,0.359,,0.546,0.937,,0.064,412,,0.178,0.367,,12.0,0.0,2019,0.261,1089.0,,0.627,0.372,0.4010000000000001,traditional
24.0,Phoenix Suns,82,19880,0.459,13.1,,0.665,0.301,0.158,0.114,0.093,0.335,,0.525,0.656,0.407,0.44,0.4,0.329,,0.528,0.808,,0.068,434,,0.234,0.339,,14.0,1.0,2019,0.267,1033.0,,0.636,0.365,0.415523287671233,mid
25.0,Portland Trail Blazers*,82,19855,0.467,13.2,,0.661,0.329,0.133,0.09,0.109,0.339,,0.523,0.621,0.404,0.454,0.428,0.359,,0.472,0.749,,0.06,383,,0.151,0.366,,8.0,0.0,2019,0.273,1103.0,,0.668,0.332,0.42543373493975906,analytics
26.0,Sacramento Kings,82,19730,0.464,13.1,,0.679,0.277,0.199,0.097,0.104,0.321,,0.504,0.674,0.375,0.404,0.395,0.378,,0.507,0.818,,0.063,437,,0.2,0.39,,17.0,0.0,2019,0.274,1125.0,,0.5980000000000001,0.4,0.3872325,traditional
27.0,San Antonio Spurs*,82,19805,0.478,13.9,,0.714,0.214,0.179,0.156,0.165,0.286,,0.513,0.68,0.457,0.436,0.431,0.392,,0.494,0.865,,0.029,186,,0.196,0.456,,16.0,0.0,2019,0.23,995.0,,0.5,0.5,0.4418679999999999,traditional
28.0,Toronto Raptors*,82,19880,0.474,13.8,,0.621,0.279,0.169,0.09,0.083,0.379,,0.539,0.659,0.452,0.431,0.432,0.366,,0.499,0.852,,0.044,294,,0.276,0.425,,15.0,0.0,2019,0.263,1101.0,,0.658,0.342,0.44161988304093563,mid
29.0,Utah Jazz*,82,19755,0.468,13.5,,0.606,0.315,0.153,0.073,0.064,0.394,,0.541,0.684,0.369,0.398,0.412,0.356,,0.556,0.848,,0.091,573,,0.277,0.374,,19.0,1.0,2019,0.288,1098.0,,0.7090000000000001,0.29,0.3857896551724138,analytics
30.0,Washington Wizards,82,19930,0.468,13.8,,0.63,0.306,0.137,0.086,0.101,0.37,,0.543,0.698,0.403,0.386,0.393,0.341,,0.533,0.868,,0.067,454,,0.213,0.36,,12.0,0.0,2019,0.282,1210.0,,0.6759999999999999,0.324,0.3953703703703704,analytics
,League Average,82,19818,0.461,13.5,,0.641,0.292,0.162,0.096,0.092,0.359,,0.52,0.658,0.4,0.413,0.401,0.355,,0.513,0.823,,0.058,380,,0.214,0.383,,15.7,0.5,2019,0.278,1113.0,,0.651,0.35,0.40382857142857154,mid
1.0,Atlanta Hawks,67,16280,0.449,14.1,,0.602,0.291,0.155,0.097,0.059,0.398,,0.525,0.658,0.414,0.394,0.376,0.333,,0.525,0.743,,0.086,448,,0.201,0.342,,13.0,1.0,2020,0.268,829.0,,0.6890000000000001,0.311,0.4005530546623794,analytics
2.0,Boston Celtics*,72,17430,0.461,13.9,,0.614,0.276,0.173,0.094,0.071,0.386,,0.522,0.662,0.387,0.437,0.416,0.364,,0.491,0.707,,0.053,302,,0.181,0.396,,22.0,0.0,2020,0.307,1039.0,,0.662,0.338,0.4069970414201183,mid
3.0,Brooklyn Nets*,72,17480,0.448,13.8,,0.577,0.315,0.15,0.07,0.042,0.423,,0.524,0.651,0.358,0.381,0.413,0.343,,0.518,0.789,,0.068,383,,0.213,0.369,,13.0,0.0,2020,0.318,1061.0,,0.738,0.262,0.3729618320610687,analytics
4.0,Chicago Bulls,65,15675,0.447,13.3,,0.604,0.34,0.152,0.057,0.055,0.396,,0.511,0.627,0.362,0.375,0.354,0.348,,0.487,0.812,,0.072,372,,0.225,0.383,,13.0,0.0,2020,0.305,900.0,,0.736,0.264,0.3631401515151515,analytics
5.0,Charlotte Hornets,65,15750,0.434,13.5,,0.601,0.303,0.192,0.062,0.044,0.399,,0.489,0.627,0.357,0.321,0.352,0.352,,0.56,0.803,,0.061,307,,0.201,0.397,,14.0,0.0,2020,0.299,828.0,,0.702,0.298,0.3487718120805369,analytics
6.0,Cleveland Cavaliers,65,15725,0.458,13.2,,0.638,0.297,0.183,0.101,0.057,0.362,,0.519,0.64,0.407,0.443,0.385,0.351,,0.472,0.835,,0.057,295,,0.188,0.396,,7.0,0.0,2020,0.267,833.0,,0.659,0.341,0.4139853372434017,mid
7.0,Dallas Mavericks*,75,18175,0.461,15.2,,0.543,0.245,0.162,0.082,0.053,0.457,,0.541,0.696,0.407,0.413,0.431,0.367,,0.483,0.783,,0.054,325,,0.204,0.408,,20.0,0.0,2020,0.236,927.0,,0.702,0.297,0.41293939393939394,analytics
8.0,Denver Nuggets*,73,17745,0.473,13.3,,0.656,0.278,0.18,0.105,0.092,0.344,,0.533,0.687,0.402,0.417,0.456,0.359,,0.56,0.853,,0.056,326,,0.208,0.401,,19.0,1.0,2020,0.27,1003.0,,0.622,0.377,0.4193554376657825,traditional
9.0,Detroit Pistons,66,15965,0.459,13.2,,0.619,0.282,0.214,0.072,0.05,0.381,,0.515,0.66,0.4,0.369,0.401,0.367,,0.499,0.871,,0.061,314,,0.284,0.422,,13.0,1.0,2020,0.304,891.0,,0.663,0.33599999999999997,0.39350595238095243,mid
10.0,Golden State Warriors,65,15725,0.438,14.4,,0.645,0.244,0.166,0.108,0.128,0.355,,0.495,0.666,0.382,0.416,0.384,0.334,,0.597,0.841,,0.068,343,,0.182,0.405,,11.0,0.0,2020,0.252,733.0,,0.599,0.402,0.391771144278607,traditional
11.0,Houston Rockets*,72,17380,0.451,15.2,,0.499,0.297,0.126,0.04,0.036,0.501,,0.557,0.672,0.379,0.403,0.402,0.345,,0.43,0.692,,0.05,297,,0.245,0.378,,10.0,0.0,2020,0.293,1075.0,,0.798,0.202,0.3878514851485148,analytics
12.0,Indiana Pacers*,73,17620,0.476,13.3,,0.683,0.298,0.151,0.119,0.116,0.317,,0.529,0.651,0.428,0.456,0.42,0.363,,0.533,0.867,,0.037,216,,0.232,0.389,,10.0,0.0,2020,0.302,1130.0,,0.615,0.386,0.4342279792746113,traditional
13.0,Los Angeles Clippers*,72,17380,0.466,13.8,,0.625,0.272,0.167,0.104,0.081,0.375,,0.522,0.669,0.408,0.419,0.4,0.371,,0.465,0.818,,0.067,392,,0.25,0.401,,11.0,0.0,2020,0.243,834.0,,0.647,0.35200000000000004,0.40940909090909094,mid
14.0,Los Angeles Lakers*,71,17090,0.48,13.4,,0.642,0.315,0.147,0.084,0.097,0.358,,0.552,0.723,0.401,0.401,0.355,0.349,,0.518,0.831,,0.091,528,,0.26,0.402,,10.0,0.0,2020,0.277,1025.0,,0.673,0.32799999999999996,0.38739634146341473,mid
15.0,Memphis Grizzlies,73,17570,0.468,13.0,,0.654,0.281,0.21,0.103,0.06,0.346,,0.532,0.667,0.443,0.427,0.397,0.347,,0.547,0.88,,0.057,337,,0.202,0.381,,12.0,0.0,2020,0.265,989.0,,0.627,0.373,0.4311823056300268,traditional
16.0,Miami Heat*,73,17745,0.468,14.7,,0.581,0.255,0.159,0.09,0.077,0.419,,0.532,0.693,0.418,0.398,0.386,0.379,,0.558,0.849,,0.073,401,,0.231,0.381,,19.0,0.0,2020,0.231,811.0,,0.6739999999999999,0.326,0.4049202453987729,mid
17.0,Milwaukee Bucks*,73,17595,0.476,14.6,,0.572,0.284,0.141,0.082,0.064,0.428,,0.567,0.717,0.374,0.458,0.467,0.355,,0.498,0.811,,0.057,355,,0.204,0.392,,9.0,0.0,2020,0.274,1066.0,,0.712,0.287,0.4187386759581882,analytics
18.0,Minnesota Timberwolves,64,15560,0.441,14.0,,0.567,0.308,0.164,0.055,0.04,0.433,,0.521,0.64,0.384,0.373,0.372,0.336,,0.49,0.791,,0.043,229,,0.173,0.339,,11.0,1.0,2020,0.325,1020.0,,0.741,0.259,0.37981081081081086,analytics
19.0,New Orleans Pelicans,72,17430,0.465,13.8,,0.597,0.309,0.144,0.079,0.065,0.403,,0.528,0.666,0.376,0.394,0.378,0.37,,0.516,0.874,,0.06,359,,0.233,0.401,,20.0,0.0,2020,0.302,1106.0,,0.712,0.288,0.3813888888888889,analytics
20.0,New York Knicks,66,15965,0.447,12.9,,0.682,0.313,0.159,0.091,0.119,0.318,,0.499,0.64,0.364,0.401,0.382,0.337,,0.451,0.872,,0.072,370,,0.201,0.374,,7.0,0.0,2020,0.286,867.0,,0.631,0.369,0.37892953929539297,traditional
21.0,Oklahoma City Thunder*,72,17430,0.468,13.8,,0.647,0.26,0.173,0.128,0.087,0.353,,0.529,0.68,0.386,0.455,0.474,0.355,,0.457,0.778,,0.061,342,,0.195,0.357,,22.0,1.0,2020,0.272,864.0,,0.613,0.388,0.4284948453608247,traditional
22.0,Orlando Magic*,73,17570,0.444,14.2,,0.636,0.252,0.169,0.121,0.095,0.364,,0.502,0.664,0.406,0.392,0.381,0.343,,0.511,0.859,,0.052,292,,0.142,0.395,,25.0,1.0,2020,0.26,909.0,,0.616,0.385,0.39543116883116886,traditional
23.0,Philadelphia 76ers*,73,17595,0.468,13.8,,0.64,0.266,0.173,0.114,0.087,0.36,,0.524,0.688,0.41,0.408,0.399,0.368,,0.516,0.913,,0.056,329,,0.193,0.409,,12.0,0.0,2020,0.254,917.0,,0.626,0.374,0.406831550802139,traditional
24.0,Phoenix Suns,73,17595,0.468,13.4,,0.639,0.296,0.146,0.116,0.081,0.361,,0.529,0.659,0.404,0.444,0.405,0.358,,0.574,0.889,,0.054,306,,0.24,0.374,,8.0,0.0,2020,0.271,979.0,,0.657,0.343,0.41776384839650144,mid
25.0,Portland Trail Blazers*,74,17835,0.463,14.3,,0.626,0.272,0.139,0.117,0.097,0.374,,0.514,0.634,0.399,0.428,0.446,0.377,,0.409,0.669,,0.047,288,,0.185,0.418,,12.0,0.0,2020,0.243,888.0,,0.646,0.353,0.42152691218130317,traditional
26.0,Sacramento Kings,72,17455,0.462,14.2,,0.605,0.253,0.187,0.09,0.075,0.395,,0.527,0.689,0.4,0.416,0.426,0.364,,0.471,0.828,,0.052,302,,0.211,0.392,,8.0,1.0,2020,0.258,930.0,,0.648,0.35200000000000004,0.4096306818181818,mid
27.0,San Antonio Spurs,71,17215,0.472,14.1,,0.682,0.233,0.158,0.144,0.147,0.318,,0.516,0.666,0.435,0.458,0.422,0.376,,0.481,0.888,,0.035,197,,0.207,0.4,,15.0,0.0,2020,0.241,878.0,,0.551,0.44899999999999995,0.4381202672605791,traditional
28.0,Toronto Raptors*,72,17380,0.458,14.0,,0.579,0.311,0.155,0.056,0.058,0.421,,0.519,0.645,0.381,0.367,0.351,0.374,,0.53,0.811,,0.054,315,,0.217,0.382,,12.0,0.0,2020,0.305,1025.0,,0.732,0.269,0.3716171003717472,analytics
29.0,Utah Jazz*,72,17355,0.471,14.1,,0.586,0.256,0.196,0.087,0.048,0.414,,0.535,0.692,0.407,0.42,0.428,0.38,,0.452,0.775,,0.064,345,,0.249,0.418,,21.0,1.0,2020,0.268,889.0,,0.6699999999999999,0.331,0.4134622356495468,mid
30.0,Washington Wizards,72,17355,0.457,14.2,,0.642,0.259,0.16,0.111,0.112,0.358,,0.506,0.688,0.363,0.41,0.387,0.368,,0.509,0.832,,0.047,276,,0.167,0.388,,18.0,1.0,2020,0.285,1029.0,,0.617,0.383,0.38363968668407306,traditional
,League Average,71,17061,0.46,13.9,,0.616,0.282,0.165,0.093,0.077,0.384,,0.524,0.667,0.396,0.416,0.404,0.358,,0.504,0.815,,0.059,330,,0.211,0.39,,13.9,0.3,2020,0.276,943.0,,0.6659999999999999,0.335,0.4033910447761194,mid
1.0,Atlanta Hawks*,72,17405,0.468,13.9,,0.618,0.26,0.178,0.119,0.061,0.382,,0.526,0.656,0.415,0.454,0.443,0.373,,0.504,0.791,,0.065,368,,0.207,0.4,,9.0,0.0,2021,0.252,818.0,,0.642,0.358,0.4327346368715083,mid
2.0,Boston Celtics*,72,17380,0.466,14.7,,0.591,0.218,0.208,0.094,0.071,0.409,,0.53,0.693,0.453,0.412,0.414,0.374,,0.478,0.746,,0.054,307,,0.191,0.393,,16.0,0.0,2021,0.263,941.0,,0.627,0.373,0.4352439678284183,traditional
3.0,Brooklyn Nets*,72,17405,0.494,14.1,,0.587,0.271,0.164,0.097,0.055,0.413,,0.565,0.693,0.443,0.48,0.45,0.392,,0.536,0.795,,0.062,357,,0.22,0.408,,9.0,0.0,2021,0.261,936.0,,0.6839999999999999,0.316,0.4555759493670886,analytics
4.0,Chicago Bulls,72,17380,0.476,13.8,,0.617,0.275,0.178,0.085,0.079,0.383,,0.542,0.672,0.447,0.428,0.425,0.37,,0.549,0.838,,0.048,281,,0.231,0.427,,13.0,1.0,2021,0.282,1021.0,,0.658,0.342,0.43719590643274847,mid
5.0,Charlotte Hornets,72,17355,0.455,14.2,,0.578,0.283,0.166,0.071,0.059,0.422,,0.517,0.637,0.4,0.418,0.387,0.369,,0.589,0.831,,0.063,355,,0.221,0.421,,11.0,0.0,2021,0.281,907.0,,0.705,0.296,0.4017263513513513,analytics
6.0,Cleveland Cavaliers,72,17430,0.45,12.6,,0.653,0.31,0.211,0.085,0.047,0.347,,0.51,0.626,0.419,0.4,0.354,0.336,,0.54,0.84,,0.061,341,,0.22,0.376,,4.0,0.0,2021,0.289,946.0,,0.657,0.34299999999999997,0.4053848396501457,mid
7.0,Dallas Mavericks*,72,17305,0.47,15.3,,0.564,0.23,0.152,0.111,0.071,0.436,,0.554,0.715,0.429,0.475,0.426,0.362,,0.445,0.778,,0.055,291,,0.208,0.368,,14.0,1.0,2021,0.215,796.0,,0.666,0.334,0.4436497005988024,mid
8.0,Denver Nuggets*,72,17480,0.485,14.1,,0.617,0.226,0.215,0.095,0.081,0.383,,0.552,0.73,0.46,0.444,0.425,0.377,,0.523,0.851,,0.051,295,,0.219,0.429,,16.0,0.0,2021,0.268,1005.0,,0.609,0.391,0.44886189258312026,traditional
9.0,Detroit Pistons,72,17430,0.452,13.5,,0.615,0.273,0.21,0.073,0.06,0.385,,0.515,0.66,0.416,0.359,0.386,0.351,,0.509,0.901,,0.057,312,,0.226,0.351,,5.0,0.0,2021,0.303,1014.0,,0.658,0.34299999999999997,0.3986209912536443,mid
10.0,Golden State Warriors,72,17305,0.468,15.3,,0.561,0.229,0.181,0.072,0.079,0.439,,0.541,0.709,0.449,0.402,0.391,0.376,,0.595,0.806,,0.064,370,,0.21,0.402,,16.0,1.0,2021,0.267,962.0,,0.668,0.332,0.42500602409638555,mid
11.0,Houston Rockets,72,17305,0.444,14.7,,0.541,0.284,0.158,0.043,0.056,0.459,,0.532,0.683,0.385,0.354,0.317,0.339,,0.486,0.814,,0.056,314,,0.227,0.342,,9.0,1.0,2021,0.309,1091.0,,0.743,0.257,0.3649961089494163,analytics
12.0,Indiana Pacers,72,17455,0.474,13.2,,0.628,0.316,0.176,0.081,0.054,0.372,,0.54,0.655,0.414,0.445,0.417,0.364,,0.535,0.88,,0.033,198,,0.21,0.421,,6.0,0.0,2021,0.341,1301.0,,0.688,0.311,0.4225948553054663,analytics
13.0,Los Angeles Clippers*,72,17280,0.482,14.8,,0.6,0.219,0.164,0.121,0.095,0.4,,0.529,0.688,0.432,0.446,0.439,0.411,,0.454,0.834,,0.06,326,,0.271,0.472,,13.0,1.0,2021,0.21,734.0,,0.619,0.38,0.4382078947368421,traditional
14.0,Los Angeles Lakers*,72,17455,0.472,13.5,,0.637,0.288,0.167,0.105,0.077,0.363,,0.539,0.701,0.434,0.403,0.35,0.354,,0.506,0.877,,0.065,344,,0.25,0.367,,10.0,0.0,2021,0.282,1046.0,,0.651,0.34900000000000003,0.4061404011461318,mid
15.0,Memphis Grizzlies*,72,17405,0.467,13.0,,0.658,0.251,0.221,0.141,0.046,0.342,,0.525,0.661,0.443,0.453,0.393,0.356,,0.543,0.872,,0.051,297,,0.258,0.377,,4.0,0.0,2021,0.261,959.0,,0.593,0.408,0.44081862745098044,traditional
16.0,Miami Heat*,72,17380,0.468,14.8,,0.568,0.247,0.161,0.096,0.064,0.432,,0.553,0.719,0.437,0.427,0.391,0.358,,0.562,0.893,,0.057,309,,0.239,0.361,,14.0,0.0,2021,0.255,910.0,,0.679,0.321,0.4248380062305296,analytics
17.0,Milwaukee Bucks*,72,17330,0.487,14.6,,0.596,0.255,0.155,0.104,0.082,0.404,,0.554,0.717,0.419,0.457,0.426,0.389,,0.468,0.782,,0.059,348,,0.211,0.407,,9.0,0.0,2021,0.26,1001.0,,0.659,0.341,0.43227272727272725,mid
18.0,Minnesota Timberwolves,72,17405,0.448,13.7,,0.587,0.299,0.172,0.061,0.054,0.413,,0.518,0.65,0.391,0.363,0.362,0.349,,0.532,0.835,,0.059,329,,0.208,0.362,,8.0,0.0,2021,0.311,1098.0,,0.712,0.287,0.3795923344947735,analytics
19.0,New Orleans Pelicans,72,17430,0.477,12.6,,0.658,0.336,0.165,0.087,0.071,0.342,,0.544,0.66,0.413,0.414,0.457,0.348,,0.526,0.871,,0.06,348,,0.237,0.345,,17.0,3.0,2021,0.345,1230.0,,0.678,0.323,0.42294117647058815,analytics
20.0,New York Knicks*,72,17430,0.456,13.5,,0.653,0.254,0.19,0.118,0.091,0.347,,0.49,0.637,0.385,0.407,0.411,0.392,,0.416,0.842,,0.054,300,,0.283,0.426,,5.0,0.0,2021,0.262,829.0,,0.601,0.399,0.39743609022556387,traditional
21.0,Oklahoma City Thunder,72,17355,0.441,13.7,,0.601,0.278,0.2,0.074,0.05,0.399,,0.509,0.635,0.401,0.41,0.381,0.339,,0.455,0.824,,0.048,275,,0.188,0.375,,16.0,1.0,2021,0.314,1031.0,,0.677,0.324,0.3999691358024692,mid
22.0,Orlando Magic,72,17330,0.429,14.4,,0.644,0.201,0.212,0.121,0.109,0.356,,0.476,0.652,0.386,0.424,0.388,0.343,,0.469,0.827,,0.036,197,,0.15,0.359,,10.0,0.0,2021,0.258,838.0,,0.5569999999999999,0.44199999999999995,0.39689592760181003,traditional
23.0,Philadelphia 76ers*,72,17430,0.476,13.7,,0.653,0.241,0.203,0.117,0.092,0.347,,0.531,0.672,0.436,0.479,0.438,0.374,,0.452,0.894,,0.056,321,,0.261,0.417,,9.0,0.0,2021,0.244,819.0,,0.588,0.41200000000000003,0.44865776699029125,traditional
24.0,Phoenix Suns*,72,17480,0.49,14.9,,0.608,0.211,0.158,0.148,0.091,0.392,,0.563,0.718,0.47,0.509,0.454,0.378,,0.524,0.849,,0.039,232,,0.265,0.43,,11.0,0.0,2021,0.215,843.0,,0.603,0.397,0.4808715365239295,traditional
25.0,Portland Trail Blazers*,72,17305,0.453,15.6,,0.552,0.244,0.133,0.085,0.089,0.448,,0.509,0.637,0.378,0.439,0.422,0.385,,0.405,0.693,,0.033,183,,0.159,0.393,,10.0,0.0,2021,0.254,937.0,,0.692,0.30700000000000005,0.4076449511400651,analytics
26.0,Sacramento Kings,72,17305,0.481,13.6,,0.624,0.249,0.213,0.106,0.056,0.376,,0.551,0.717,0.432,0.479,0.4,0.364,,0.516,0.805,,0.062,359,,0.212,0.422,,12.0,0.0,2021,0.26,931.0,,0.625,0.375,0.44050666666666666,traditional
27.0,San Antonio Spurs,72,17480,0.462,13.3,,0.686,0.24,0.199,0.142,0.105,0.314,,0.514,0.658,0.435,0.433,0.444,0.35,,0.492,0.877,,0.035,204,,0.2,0.377,,5.0,0.0,2021,0.281,1019.0,,0.554,0.44599999999999995,0.4364820627802691,traditional
28.0,Toronto Raptors,72,17305,0.448,14.9,,0.556,0.236,0.194,0.065,0.061,0.444,,0.512,0.662,0.407,0.409,0.375,0.368,,0.483,0.822,,0.051,280,,0.225,0.388,,11.0,0.0,2021,0.286,969.0,,0.6799999999999999,0.32,0.40130625000000003,analytics
29.0,Utah Jazz*,72,17355,0.468,15.5,,0.512,0.207,0.201,0.069,0.035,0.488,,0.544,0.703,0.443,0.448,0.372,0.389,,0.444,0.763,,0.058,325,,0.254,0.408,,13.0,0.0,2021,0.225,786.0,,0.695,0.30500000000000005,0.435983606557377,analytics
30.0,Washington Wizards*,72,17405,0.475,13.6,,0.681,0.199,0.268,0.101,0.114,0.319,,0.533,0.695,0.515,0.408,0.402,0.351,,0.501,0.88,,0.055,320,,0.231,0.369,,9.0,0.0,2021,0.299,1074.0,,0.518,0.483,0.4659544513457557,traditional
,League Average,72,17381,0.466,14.1,,0.608,0.254,0.186,0.096,0.072,0.392,,0.53,0.675,0.428,0.435,0.409,0.367,,0.502,0.826,,0.054,303,,0.222,0.395,,10.5,0.3,2021,0.272,960.0,,0.646,0.35400000000000004,0.4260338983050847,mid
1.0,Atlanta Hawks*,82,19705,0.47,14.4,,0.61,0.242,0.162,0.109,0.089,0.39,,0.531,0.668,0.441,0.442,0.431,0.374,,0.522,0.73,,0.059,395,,0.219,0.43,,14.0,1.0,2022,0.229,902.0,,0.632,0.36,0.4388305555555556,mid
2.0,Boston Celtics*,82,19905,0.466,14.7,,0.575,0.216,0.199,0.081,0.072,0.425,,0.547,0.739,0.45,0.417,0.397,0.356,,0.506,0.807,,0.057,366,,0.229,0.39,,10.0,0.0,2022,0.271,1128.0,,0.641,0.35200000000000004,0.43156534090909093,mid
3.0,Brooklyn Nets*,82,19755,0.475,13.8,,0.641,0.242,0.165,0.134,0.093,0.359,,0.538,0.659,0.448,0.475,0.48,0.361,,0.537,0.752,,0.052,335,,0.229,0.394,,7.0,0.0,2022,0.249,975.0,,0.601,0.392,0.4648214285714285,traditional
4.0,Chicago Bulls*,82,19730,0.48,13.8,,0.668,0.259,0.151,0.127,0.131,0.332,,0.535,0.677,0.452,0.45,0.435,0.369,,0.476,0.852,,0.05,321,,0.273,0.418,,18.0,1.0,2022,0.247,1019.0,,0.591,0.40900000000000003,0.4459339853300733,traditional
5.0,Charlotte Hornets,82,19880,0.468,13.9,,0.582,0.29,0.177,0.069,0.047,0.418,,0.542,0.69,0.385,0.402,0.419,0.365,,0.559,0.857,,0.079,531,,0.287,0.372,,20.0,0.0,2022,0.285,1141.0,,0.708,0.293,0.39445733788395904,analytics
6.0,Cleveland Cavaliers,82,19730,0.469,13.6,,0.613,0.279,0.18,0.09,0.055,0.387,,0.541,0.697,0.406,0.426,0.391,0.355,,0.552,0.821,,0.078,491,,0.233,0.334,,9.0,1.0,2022,0.239,933.0,,0.666,0.325,0.40900000000000003,analytics
7.0,Dallas Mavericks*,82,19755,0.461,15.3,,0.561,0.206,0.176,0.108,0.071,0.439,,0.548,0.736,0.45,0.452,0.395,0.35,,0.502,0.783,,0.059,357,,0.262,0.398,,15.0,0.0,2022,0.208,874.0,,0.645,0.355,0.4396084507042254,mid
8.0,Denver Nuggets*,82,19805,0.483,14.4,,0.584,0.236,0.204,0.073,0.071,0.416,,0.575,0.744,0.48,0.439,0.427,0.353,,0.584,0.857,,0.059,373,,0.265,0.384,,24.0,0.0,2022,0.266,1128.0,,0.6519999999999999,0.348,0.4605862068965517,mid
9.0,Detroit Pistons,82,19780,0.431,14.0,,0.609,0.247,0.209,0.081,0.073,0.391,,0.498,0.645,0.422,0.354,0.376,0.326,,0.498,0.893,,0.039,257,,0.267,0.361,,20.0,0.0,2022,0.304,1187.0,,0.638,0.363,0.3975757575757576,mid
10.0,Golden State Warriors*,82,19730,0.469,15.5,,0.544,0.205,0.201,0.07,0.068,0.456,,0.557,0.711,0.51,0.408,0.382,0.364,,0.595,0.804,,0.057,371,,0.215,0.339,,24.0,1.0,2022,0.282,1193.0,,0.661,0.339,0.4632625368731564,analytics
11.0,Houston Rockets,82,19755,0.456,14.2,,0.552,0.299,0.181,0.038,0.034,0.448,,0.543,0.689,0.384,0.322,0.347,0.349,,0.502,0.784,,0.089,547,,0.173,0.35,,18.0,0.0,2022,0.299,1142.0,,0.747,0.253,0.36971541501976285,analytics
12.0,Indiana Pacers,82,19880,0.463,13.9,,0.605,0.262,0.175,0.092,0.068,0.395,,0.541,0.675,0.46,0.417,0.4,0.344,,0.506,0.851,,0.044,293,,0.249,0.378,,24.0,0.0,2022,0.3,1294.0,,0.657,0.335,0.4360119402985074,mid
13.0,Los Angeles Clippers,82,19780,0.458,14.7,,0.609,0.206,0.181,0.117,0.099,0.391,,0.512,0.694,0.447,0.436,0.348,0.374,,0.498,0.798,,0.052,320,,0.212,0.413,,17.0,0.0,2022,0.21,831.0,,0.597,0.397,0.4190705289672544,traditional
14.0,Los Angeles Lakers,82,19980,0.469,13.8,,0.612,0.273,0.162,0.086,0.083,0.388,,0.546,0.709,0.42,0.412,0.392,0.347,,0.468,0.815,,0.061,395,,0.226,0.37,,5.0,0.0,2022,0.307,1310.0,,0.661,0.331,0.41090030211480366,analytics
15.0,Memphis Grizzlies*,82,19780,0.461,12.7,,0.654,0.26,0.233,0.11,0.045,0.346,,0.519,0.676,0.425,0.409,0.383,0.353,,0.5,0.837,,0.056,382,,0.225,0.366,,14.0,0.0,2022,0.269,1157.0,,0.606,0.388,0.41559278350515466,traditional
16.0,Miami Heat*,82,19855,0.467,14.7,,0.578,0.22,0.18,0.104,0.065,0.422,,0.531,0.697,0.437,0.44,0.385,0.379,,0.53,0.844,,0.049,299,,0.293,0.419,,23.0,0.0,2022,0.232,927.0,,0.642,0.349,0.4282091690544413,mid
17.0,Milwaukee Bucks*,82,19755,0.468,14.8,,0.57,0.234,0.159,0.102,0.069,0.43,,0.544,0.715,0.422,0.445,0.393,0.366,,0.456,0.781,,0.047,309,,0.236,0.395,,11.0,0.0,2022,0.248,1071.0,,0.664,0.33,0.42304545454545456,analytics
18.0,Minnesota Timberwolves*,82,19780,0.457,14.3,,0.546,0.264,0.171,0.058,0.046,0.454,,0.54,0.675,0.417,0.424,0.359,0.358,,0.51,0.789,,0.065,424,,0.22,0.395,,18.0,0.0,2022,0.276,1126.0,,0.718,0.275,0.40877454545454545,analytics
19.0,New Orleans Pelicans*,82,19755,0.457,13.4,,0.635,0.262,0.188,0.099,0.079,0.365,,0.528,0.666,0.429,0.459,0.395,0.332,,0.525,0.861,,0.054,349,,0.237,0.372,,17.0,2.0,2022,0.286,1103.0,,0.627,0.36600000000000005,0.429775956284153,mid
20.0,New York Knicks,82,19780,0.437,14.7,,0.572,0.253,0.158,0.086,0.074,0.428,,0.497,0.654,0.374,0.376,0.361,0.357,,0.465,0.795,,0.069,431,,0.219,0.392,,7.0,0.0,2022,0.238,858.0,,0.681,0.318,0.37151572327044025,analytics
21.0,Oklahoma City Thunder,82,19805,0.43,14.1,,0.581,0.201,0.26,0.072,0.041,0.419,,0.507,0.644,0.444,0.424,0.367,0.323,,0.46,0.82,,0.051,319,,0.205,0.347,,9.0,0.0,2022,0.316,1185.0,,0.62,0.373,0.43167560321715814,traditional
22.0,Orlando Magic,82,19780,0.434,14.4,,0.583,0.223,0.227,0.069,0.063,0.417,,0.507,0.67,0.425,0.42,0.329,0.331,,0.499,0.88,,0.061,384,,0.212,0.385,,16.0,0.0,2022,0.268,1028.0,,0.64,0.35900000000000004,0.40719220055710303,mid
23.0,Philadelphia 76ers*,82,19805,0.466,14.0,,0.624,0.24,0.194,0.119,0.071,0.376,,0.527,0.702,0.414,0.417,0.431,0.364,,0.505,0.835,,0.05,315,,0.244,0.394,,12.0,0.0,2022,0.249,982.0,,0.616,0.384,0.4180729166666666,traditional
24.0,Phoenix Suns*,82,19730,0.485,14.1,,0.646,0.184,0.219,0.147,0.087,0.354,,0.551,0.709,0.506,0.497,0.426,0.364,,0.545,0.828,,0.052,362,,0.257,0.39,,12.0,0.0,2022,0.217,941.0,,0.538,0.45299999999999996,0.4877152317880795,traditional
25.0,Portland Trail Blazers,82,19730,0.442,14.4,,0.578,0.255,0.172,0.073,0.07,0.422,,0.513,0.629,0.424,0.425,0.404,0.346,,0.494,0.778,,0.046,286,,0.207,0.368,,11.0,0.0,2022,0.271,1017.0,,0.677,0.315,0.41978730158730154,analytics
26.0,Sacramento Kings,82,19805,0.46,13.7,,0.623,0.23,0.217,0.098,0.071,0.377,,0.53,0.7,0.434,0.425,0.422,0.344,,0.492,0.791,,0.058,358,,0.215,0.386,,13.0,1.0,2022,0.261,1071.0,,0.607,0.386,0.4295077720207254,traditional
27.0,San Antonio Spurs,82,19805,0.467,13.4,,0.655,0.236,0.226,0.124,0.069,0.345,,0.527,0.674,0.455,0.441,0.413,0.352,,0.551,0.912,,0.036,251,,0.23,0.368,,14.0,1.0,2022,0.291,1254.0,,0.581,0.419,0.44394033412887834,traditional
28.0,Toronto Raptors*,82,19855,0.445,14.1,,0.625,0.221,0.205,0.096,0.093,0.375,,0.503,0.654,0.438,0.429,0.366,0.349,,0.429,0.795,,0.055,352,,0.238,0.401,,17.0,2.0,2022,0.241,959.0,,0.596,0.394,0.4188121827411167,traditional
29.0,Utah Jazz*,82,19730,0.471,15.1,,0.532,0.203,0.235,0.066,0.029,0.468,,0.568,0.729,0.481,0.458,0.396,0.36,,0.454,0.727,,0.07,442,,0.242,0.383,,14.0,1.0,2022,0.246,989.0,,0.671,0.33,0.4689303030303029,analytics
30.0,Washington Wizards,82,19830,0.472,13.7,,0.644,0.225,0.22,0.106,0.085,0.356,,0.543,0.725,0.455,0.429,0.425,0.342,,0.527,0.853,,0.065,406,,0.244,0.396,,11.0,0.0,2022,0.276,1115.0,,0.581,0.41100000000000003,0.4420900243309002,traditional
,League Average,82,19793,0.461,14.2,,0.601,0.239,0.193,0.094,0.07,0.399,,0.533,0.687,0.439,0.431,0.399,0.354,,0.509,0.816,,0.057,367,,0.235,0.383,,14.8,0.4,2022,0.263,1061.0,,0.638,0.35700000000000004,0.42905042016806716,mid
1.0,Atlanta Hawks*,82,19855,0.483,13.2,,0.669,0.25,0.186,0.133,0.091,0.331,,0.548,0.696,0.44,0.486,0.439,0.352,,0.488,0.755,,0.064,450,,0.262,0.364,,8.0,0.0,2023,0.242,1022.0,,0.581,0.41000000000000003,0.4547,traditional
2.0,Boston Celtics*,82,19980,0.475,15.3,,0.52,0.21,0.192,0.063,0.048,0.48,,0.567,0.732,0.466,0.463,0.39,0.377,,0.509,0.814,,0.051,335,,0.223,0.403,,12.0,0.0,2023,0.272,1166.0,,0.69,0.303,0.4533366336633664,analytics
3.0,Brooklyn Nets*,82,19730,0.487,14.6,,0.603,0.222,0.177,0.122,0.082,0.397,,0.559,0.701,0.459,0.489,0.494,0.378,,0.525,0.82,,0.059,373,,0.243,0.392,,6.0,0.0,2023,0.222,891.0,,0.619,0.381,0.47613910761154854,mid
4.0,Chicago Bulls,82,19905,0.49,13.6,,0.667,0.281,0.146,0.116,0.125,0.333,,0.555,0.683,0.474,0.464,0.446,0.361,,0.474,0.886,,0.054,329,,0.262,0.397,,4.0,0.0,2023,0.273,1163.0,,0.6140000000000001,0.387,0.46195865633074934,mid
5.0,Charlotte Hornets,82,19830,0.457,13.1,,0.64,0.287,0.208,0.087,0.058,0.36,,0.528,0.688,0.384,0.439,0.385,0.33,,0.536,0.817,,0.073,482,,0.261,0.354,,10.0,0.0,2023,0.287,1149.0,,0.647,0.353,0.3977195467422096,mid
6.0,Cleveland Cavaliers*,82,19880,0.488,13.2,,0.629,0.278,0.196,0.092,0.054,0.371,,0.559,0.717,0.44,0.45,0.378,0.367,,0.545,0.715,,0.084,536,,0.238,0.367,,12.0,0.0,2023,0.239,982.0,,0.649,0.342,0.4329005847953217,analytics
7.0,Dallas Mavericks,82,19930,0.475,15.6,,0.513,0.218,0.169,0.08,0.046,0.487,,0.574,0.708,0.499,0.47,0.396,0.371,,0.448,0.776,,0.05,304,,0.271,0.403,,26.0,1.0,2023,0.226,937.0,,0.705,0.295,0.47507457627118654,analytics
8.0,Denver Nuggets*,82,19755,0.504,13.2,,0.639,0.258,0.213,0.083,0.077,0.361,,0.575,0.758,0.477,0.401,0.421,0.379,,0.597,0.808,,0.08,509,,0.251,0.407,,27.0,2.0,2023,0.279,1188.0,,0.619,0.373,0.4485281501340483,mid
9.0,Detroit Pistons,82,19805,0.454,13.8,,0.628,0.217,0.224,0.111,0.068,0.372,,0.516,0.677,0.431,0.432,0.413,0.351,,0.466,0.832,,0.06,396,,0.264,0.372,,13.0,0.0,2023,0.249,942.0,,0.589,0.403,0.42823821339950374,traditional
10.0,Golden State Warriors*,82,19830,0.479,16.0,,0.521,0.177,0.21,0.069,0.065,0.479,,0.564,0.71,0.54,0.407,0.413,0.385,,0.606,0.828,,0.056,374,,0.199,0.395,,23.0,1.0,2023,0.273,1213.0,,0.6559999999999999,0.34400000000000003,0.4893255813953488,analytics
11.0,Houston Rockets,82,19755,0.457,13.0,,0.641,0.259,0.262,0.07,0.049,0.359,,0.53,0.678,0.436,0.448,0.366,0.327,,0.477,0.766,,0.084,523,,0.173,0.361,,14.0,0.0,2023,0.324,1229.0,,0.618,0.381,0.4292020997375328,mid
12.0,Indiana Pacers,82,19755,0.469,13.9,,0.587,0.266,0.189,0.08,0.045,0.413,,0.54,0.679,0.425,0.414,0.402,0.367,,0.547,0.817,,0.048,323,,0.224,0.386,,17.0,2.0,2023,0.306,1246.0,,0.679,0.314,0.41890127388535026,analytics
13.0,Los Angeles Clippers*,82,19830,0.477,14.5,,0.613,0.221,0.19,0.11,0.092,0.387,,0.539,0.692,0.475,0.45,0.408,0.381,,0.467,0.838,,0.063,391,,0.249,0.406,,16.0,1.0,2023,0.234,918.0,,0.608,0.392,0.45226020408163264,traditional
14.0,Los Angeles Lakers*,82,19880,0.482,13.2,,0.649,0.261,0.214,0.095,0.079,0.351,,0.555,0.728,0.46,0.425,0.397,0.346,,0.502,0.849,,0.065,429,,0.238,0.369,,8.0,0.0,2023,0.305,1315.0,,0.612,0.388,0.4386030927835051,traditional
15.0,Memphis Grizzlies*,82,19780,0.475,13.0,,0.628,0.273,0.224,0.099,0.033,0.372,,0.548,0.688,0.446,0.447,0.386,0.351,,0.504,0.837,,0.058,387,,0.245,0.376,,15.0,1.0,2023,0.286,1250.0,,0.645,0.356,0.4407162921348315,mid
16.0,Miami Heat*,82,19805,0.46,14.5,,0.592,0.196,0.217,0.12,0.052,0.408,,0.54,0.683,0.48,0.471,0.411,0.344,,0.511,0.802,,0.046,285,,0.26,0.367,,8.0,0.0,2023,0.226,903.0,,0.604,0.38899999999999996,0.468,traditional
17.0,Milwaukee Bucks*,82,19830,0.473,15.3,,0.554,0.236,0.156,0.091,0.071,0.446,,0.557,0.724,0.443,0.429,0.417,0.368,,0.489,0.819,,0.052,351,,0.23,0.379,,11.0,0.0,2023,0.25,1103.0,,0.6819999999999999,0.318,0.433188679245283,analytics
18.0,Minnesota Timberwolves*,82,19830,0.49,13.2,,0.619,0.285,0.208,0.075,0.051,0.381,,0.568,0.723,0.439,0.451,0.399,0.365,,0.539,0.79,,0.067,436,,0.241,0.395,,20.0,0.0,2023,0.297,1256.0,,0.6659999999999999,0.33399999999999996,0.43558682634730544,analytics
19.0,New Orleans Pelicans,82,19855,0.48,12.9,,0.656,0.255,0.23,0.099,0.065,0.344,,0.541,0.698,0.444,0.484,0.343,0.364,,0.51,0.883,,0.063,402,,0.227,0.364,,18.0,0.0,2023,0.289,1166.0,,0.599,0.394,0.4373883248730965,traditional
20.0,New York Knicks*,82,19955,0.47,13.6,,0.6,0.266,0.196,0.096,0.043,0.4,,0.547,0.679,0.46,0.424,0.404,0.354,,0.428,0.82,,0.066,425,,0.272,0.382,,9.0,0.0,2023,0.246,1021.0,,0.666,0.335,0.44249552238805967,analytics
21.0,Oklahoma City Thunder,82,19855,0.465,13.1,,0.631,0.276,0.217,0.096,0.043,0.369,,0.53,0.658,0.413,0.469,0.424,0.356,,0.444,0.879,,0.047,320,,0.203,0.4,,12.0,0.0,2023,0.325,1349.0,,0.645,0.356,0.4294297752808989,mid
22.0,Orlando Magic,82,19780,0.47,13.5,,0.639,0.249,0.221,0.094,0.076,0.361,,0.539,0.713,0.44,0.427,0.398,0.346,,0.47,0.858,,0.064,395,,0.213,0.415,,9.0,0.0,2023,0.297,1182.0,,0.61,0.391,0.4287109974424552,traditional
23.0,Philadelphia 76ers*,82,19880,0.487,13.8,,0.611,0.251,0.191,0.109,0.054,0.389,,0.551,0.697,0.429,0.463,0.472,0.387,,0.516,0.806,,0.044,262,,0.256,0.402,,13.0,0.0,2023,0.274,1100.0,,0.64,0.354,0.44602824858757056,mid
24.0,Phoenix Suns*,82,19780,0.467,14.3,,0.638,0.194,0.203,0.159,0.083,0.362,,0.52,0.693,0.442,0.46,0.424,0.374,,0.562,0.856,,0.047,306,,0.291,0.421,,13.0,0.0,2023,0.205,847.0,,0.556,0.445,0.4450741573033708,traditional
25.0,Portland Trail Blazers,82,19730,0.474,14.1,,0.587,0.288,0.161,0.069,0.062,0.413,,0.55,0.673,0.434,0.437,0.414,0.365,,0.502,0.774,,0.058,357,,0.204,0.362,,9.0,0.0,2023,0.276,1142.0,,0.701,0.29200000000000004,0.43046232876712326,analytics
26.0,Sacramento Kings*,82,19830,0.494,14.1,,0.577,0.243,0.199,0.08,0.05,0.423,,0.586,0.741,0.488,0.438,0.45,0.369,,0.495,0.875,,0.059,380,,0.226,0.397,,9.0,0.0,2023,0.261,1166.0,,0.6659999999999999,0.329,0.4700668693009118,analytics
27.0,San Antonio Spurs,82,19855,0.465,13.1,,0.652,0.258,0.23,0.112,0.053,0.348,,0.529,0.679,0.442,0.412,0.425,0.345,,0.53,0.924,,0.04,265,,0.216,0.367,,18.0,0.0,2023,0.303,1339.0,,0.606,0.395,0.43121265822784804,traditional
28.0,Toronto Raptors,82,19805,0.459,13.4,,0.649,0.243,0.22,0.095,0.084,0.351,,0.525,0.694,0.445,0.406,0.379,0.335,,0.474,0.819,,0.064,432,,0.264,0.363,,22.0,0.0,2023,0.257,1082.0,,0.594,0.399,0.4218195488721805,traditional
29.0,Utah Jazz,82,19805,0.473,14.2,,0.579,0.204,0.266,0.073,0.036,0.421,,0.56,0.708,0.497,0.438,0.439,0.353,,0.5,0.854,,0.071,460,,0.22,0.413,,16.0,0.0,2023,0.274,1144.0,,0.625,0.375,0.47994666666666674,mid
30.0,Washington Wizards,82,19755,0.485,14.0,,0.635,0.211,0.244,0.107,0.073,0.365,,0.559,0.76,0.47,0.46,0.42,0.356,,0.508,0.862,,0.059,377,,0.215,0.399,,16.0,2.0,2023,0.272,1118.0,,0.576,0.424,0.4588679245283019,traditional
,League Average,82,19826,0.475,13.9,,0.613,0.245,0.206,0.096,0.063,0.387,,0.548,0.701,0.454,0.447,0.414,0.361,,0.506,0.825,,0.06,386,,0.237,0.387,,13.8,0.3,2023,0.269,1118.0,,0.632,0.365,0.44525479452054795,mid
1.0,Atlanta Hawks,82,19855,0.465,14.1,,0.592,0.247,0.194,0.104,0.047,0.408,,0.535,0.649,0.437,0.477,0.471,0.364,,0.537,0.791,,0.065,445,,0.26,0.38,,15.0,0.0,2024,0.259,1006.0,,0.655,0.345,0.4536898550724638,analytics
2.0,Boston Celtics*,82,19830,0.487,15.6,,0.529,0.212,0.181,0.083,0.053,0.471,,0.575,0.745,0.478,0.454,0.418,0.388,,0.503,0.796,,0.066,439,,0.204,0.441,,11.0,1.0,2024,0.249,1086.0,,0.6829999999999999,0.317,0.46168454258675085,analytics
3.0,Brooklyn Nets,82,19805,0.456,14.2,,0.588,0.242,0.199,0.094,0.053,0.412,,0.522,0.692,0.406,0.433,0.346,0.362,,0.527,0.844,,0.054,353,,0.261,0.414,,23.0,1.0,2024,0.266,1081.0,,0.6539999999999999,0.34600000000000003,0.40414450867052026,analytics
4.0,Chicago Bulls,82,19980,0.47,13.6,,0.642,0.266,0.181,0.106,0.089,0.358,,0.532,0.642,0.465,0.481,0.404,0.358,,0.488,0.876,,0.039,236,,0.275,0.385,,11.0,0.0,2024,0.274,1156.0,,0.624,0.376,0.45507180851063833,traditional
5.0,Charlotte Hornets,82,19730,0.46,14.1,,0.609,0.251,0.198,0.094,0.065,0.391,,0.528,0.692,0.438,0.404,0.344,0.355,,0.525,0.839,,0.059,381,,0.219,0.367,,21.0,0.0,2024,0.259,1036.0,,0.642,0.35700000000000004,0.41193277310924364,analytics
6.0,Cleveland Cavaliers*,82,19805,0.479,14.0,,0.578,0.276,0.19,0.073,0.039,0.422,,0.561,0.686,0.448,0.457,0.416,0.367,,0.589,0.844,,0.07,444,,0.239,0.376,,10.0,1.0,2024,0.26,1056.0,,0.698,0.302,0.4460430463576159,analytics
7.0,Dallas Mavericks*,82,19705,0.481,15.1,,0.559,0.222,0.175,0.098,0.064,0.441,,0.569,0.747,0.47,0.451,0.404,0.369,,0.524,0.735,,0.069,447,,0.274,0.362,,16.0,0.0,2024,0.225,998.0,,0.663,0.337,0.45194065281899104,analytics
8.0,Denver Nuggets*,82,19705,0.496,13.3,,0.648,0.265,0.209,0.09,0.083,0.352,,0.562,0.688,0.487,0.457,0.464,0.374,,0.598,0.864,,0.066,438,,0.238,0.384,,24.0,0.0,2024,0.282,1152.0,,0.617,0.382,0.474934554973822,traditional
9.0,Detroit Pistons,82,19755,0.463,13.5,,0.64,0.224,0.242,0.112,0.063,0.36,,0.528,0.679,0.461,0.455,0.377,0.348,,0.541,0.844,,0.072,470,,0.273,0.359,,21.0,0.0,2024,0.27,1058.0,,0.584,0.417,0.4466978417266187,traditional
10.0,Golden State Warriors,82,19830,0.477,15.0,,0.575,0.185,0.238,0.083,0.069,0.425,,0.548,0.716,0.504,0.419,0.41,0.38,,0.599,0.81,,0.055,370,,0.163,0.395,,15.0,1.0,2024,0.289,1266.0,,0.61,0.39,0.4692794871794872,traditional
11.0,Houston Rockets,82,19855,0.459,14.2,,0.603,0.237,0.215,0.084,0.066,0.397,,0.53,0.675,0.437,0.455,0.407,0.352,,0.512,0.781,,0.059,379,,0.171,0.395,,28.0,0.0,2024,0.294,1199.0,,0.634,0.365,0.43571780821917805,mid
12.0,Indiana Pacers*,82,19705,0.507,13.5,,0.62,0.259,0.22,0.094,0.047,0.38,,0.589,0.718,0.493,0.505,0.497,0.374,,0.576,0.855,,0.059,415,,0.234,0.405,,11.0,0.0,2024,0.319,1440.0,,0.639,0.361,0.4966454293628809,mid
13.0,Los Angeles Clippers*,82,19705,0.489,14.1,,0.617,0.228,0.207,0.12,0.063,0.383,,0.555,0.72,0.469,0.472,0.402,0.381,,0.544,0.744,,0.07,433,,0.247,0.417,,9.0,0.0,2024,0.252,1005.0,,0.611,0.38999999999999996,0.45910000000000006,traditional
14.0,Los Angeles Lakers*,82,19855,0.499,13.3,,0.642,0.259,0.221,0.097,0.065,0.358,,0.567,0.769,0.451,0.428,0.365,0.377,,0.591,0.822,,0.081,533,,0.248,0.388,,15.0,0.0,2024,0.289,1245.0,,0.617,0.383,0.43057963446475195,traditional
15.0,Memphis Grizzlies,82,19780,0.435,14.3,,0.572,0.238,0.222,0.071,0.04,0.428,,0.502,0.652,0.397,0.409,0.359,0.346,,0.526,0.873,,0.044,277,,0.244,0.351,,21.0,0.0,2024,0.255,999.0,,0.6659999999999999,0.33299999999999996,0.3949939939939941,analytics
16.0,Miami Heat*,82,19755,0.465,14.2,,0.606,0.194,0.248,0.111,0.053,0.394,,0.527,0.672,0.494,0.409,0.399,0.37,,0.537,0.892,,0.049,301,,0.276,0.398,,13.0,0.0,2024,0.254,998.0,,0.5880000000000001,0.412,0.458878640776699,traditional
17.0,Milwaukee Bucks*,82,19805,0.487,15.0,,0.57,0.238,0.167,0.092,0.073,0.43,,0.574,0.761,0.43,0.447,0.456,0.373,,0.504,0.841,,0.056,372,,0.255,0.414,,10.0,0.0,2024,0.26,1155.0,,0.6679999999999999,0.332,0.4404277108433735,analytics
18.0,Minnesota Timberwolves*,82,19805,0.485,13.5,,0.616,0.25,0.228,0.089,0.048,0.384,,0.546,0.716,0.439,0.439,0.376,0.387,,0.547,0.869,,0.075,465,,0.279,0.409,,17.0,1.0,2024,0.269,1066.0,,0.634,0.365,0.4307150684931507,mid
19.0,New Orleans Pelicans*,82,19705,0.486,13.5,,0.627,0.254,0.218,0.099,0.056,0.373,,0.548,0.695,0.44,0.472,0.434,0.383,,0.531,0.883,,0.053,343,,0.266,0.434,,22.0,1.0,2024,0.294,1175.0,,0.627,0.373,0.4475924932975871,traditional
20.0,New York Knicks*,82,19730,0.465,13.9,,0.596,0.252,0.19,0.107,0.047,0.404,,0.531,0.658,0.451,0.433,0.392,0.369,,0.474,0.837,,0.051,325,,0.269,0.414,,8.0,1.0,2024,0.256,1024.0,,0.656,0.344,0.43734011627906977,analytics
21.0,Oklahoma City Thunder*,82,19805,0.499,13.8,,0.617,0.252,0.191,0.117,0.057,0.383,,0.567,0.712,0.458,0.503,0.422,0.389,,0.487,0.894,,0.054,350,,0.243,0.416,,5.0,0.0,2024,0.284,1233.0,,0.635,0.365,0.46680273972602737,mid
22.0,Orlando Magic*,82,19780,0.476,13.2,,0.631,0.269,0.221,0.091,0.05,0.369,,0.549,0.722,0.44,0.397,0.38,0.352,,0.509,0.879,,0.072,453,,0.262,0.366,,17.0,0.0,2024,0.309,1244.0,,0.638,0.362,0.4209033149171272,mid
23.0,Philadelphia 76ers*,82,19780,0.464,13.7,,0.627,0.261,0.204,0.099,0.063,0.373,,0.525,0.669,0.407,0.452,0.424,0.363,,0.51,0.818,,0.048,309,,0.217,0.41,,8.0,0.0,2024,0.295,1182.0,,0.634,0.366,0.42209836065573775,mid
24.0,Phoenix Suns*,82,19780,0.493,14.3,,0.622,0.224,0.184,0.134,0.081,0.378,,0.561,0.713,0.457,0.499,0.474,0.382,,0.543,0.864,,0.056,346,,0.249,0.405,,2.0,0.0,2024,0.237,973.0,,0.602,0.399,0.4745563909774436,traditional
25.0,Portland Trail Blazers,82,19880,0.439,13.6,,0.63,0.241,0.22,0.102,0.067,0.37,,0.494,0.637,0.394,0.422,0.415,0.345,,0.484,0.838,,0.047,293,,0.239,0.371,,13.0,0.0,2024,0.3,1142.0,,0.611,0.389,0.40495886889460153,traditional
26.0,Sacramento Kings,82,19855,0.477,14.8,,0.568,0.206,0.218,0.096,0.048,0.432,,0.561,0.715,0.509,0.439,0.378,0.366,,0.543,0.879,,0.054,356,,0.244,0.393,,8.0,0.0,2024,0.262,1166.0,,0.638,0.362,0.4730662983425415,mid
27.0,San Antonio Spurs,82,19830,0.462,13.9,,0.599,0.258,0.2,0.088,0.052,0.401,,0.539,0.692,0.445,0.427,0.338,0.347,,0.625,0.914,,0.066,437,,0.235,0.384,,16.0,0.0,2024,0.27,1142.0,,0.659,0.34,0.42397647058823534,analytics
28.0,Toronto Raptors,82,19805,0.471,13.2,,0.631,0.27,0.221,0.086,0.054,0.369,,0.543,0.702,0.439,0.404,0.397,0.347,,0.588,0.903,,0.048,313,,0.253,0.38,,11.0,0.0,2024,0.31,1346.0,,0.639,0.361,0.42437950138504166,mid
29.0,Utah Jazz,82,19805,0.467,13.8,,0.594,0.201,0.289,0.071,0.033,0.406,,0.544,0.725,0.471,0.412,0.372,0.354,,0.544,0.882,,0.072,489,,0.276,0.39,,17.0,0.0,2024,0.273,1102.0,,0.607,0.393,0.4520279898218829,traditional
30.0,Washington Wizards,82,19730,0.47,13.8,,0.611,0.248,0.236,0.085,0.042,0.389,,0.548,0.731,0.435,0.404,0.387,0.348,,0.571,0.843,,0.057,383,,0.222,0.392,,16.0,1.0,2024,0.301,1315.0,,0.637,0.363,0.4221873278236914,mid
,League Average,82,19788,0.474,14.0,,0.605,0.241,0.211,0.096,0.058,0.395,,0.545,0.699,0.452,0.446,0.407,0.366,,0.54,0.844,,0.06,387,,0.244,0.393,,14.5,0.3,2024,0.274,1135.0,,0.636,0.365,0.44327123287671233,mid
